project_id,project_name,issue_count,fields.creator.key_<lambda>,fields.reporter.key_<lambda>,total_links,avg_links_per_issue,fields.components_<lambda>,total_components,avg_components_per_issue,total_labels,avg_labels_per_issue,project_start_date,project_latest_date,avg_resolution_hours,median_resolution_hours,min_resolution_hours,max_resolution_hours,resolution_hours_std,total_resolution_hours,fields.issuetype.name_<lambda>_RTC,fields.issuetype.name_<lambda>_Outage,fields.issuetype.name_<lambda>_Task,fields.issuetype.name_<lambda>_Sub-task,fields.issuetype.name_<lambda>_SVN->GIT Mirroring,fields.issuetype.name_<lambda>_Umbrella,fields.issuetype.name_<lambda>_Wish,fields.issuetype.name_<lambda>_Planned Work,fields.issuetype.name_<lambda>_New JIRA Project,fields.issuetype.name_<lambda>_New Git Repo,fields.issuetype.name_<lambda>_New Confluence Wiki,fields.issuetype.name_<lambda>_Documentation,fields.issuetype.name_<lambda>_Temp,fields.issuetype.name_<lambda>_New TLP,fields.issuetype.name_<lambda>_New TLP - Common Tasks,fields.issuetype.name_<lambda>_Project,fields.issuetype.name_<lambda>_Dependency,fields.issuetype.name_<lambda>_Question,fields.issuetype.name_<lambda>_Test,fields.issuetype.name_<lambda>_New Feature,fields.issuetype.name_<lambda>_Comment,fields.issuetype.name_<lambda>_Bug,fields.issuetype.name_<lambda>_Pending Review,fields.issuetype.name_<lambda>_Blogs - Access to Existing Blog,fields.issuetype.name_<lambda>_Dependency upgrade,fields.issuetype.name_<lambda>_Technical task,fields.issuetype.name_<lambda>_Improvement,fields.issuetype.name_<lambda>_GitBox Request,fields.issuetype.name_<lambda>_Blogs - New Blog User Account Request,fields.issuetype.name_<lambda>_Github Integration,fields.issuetype.name_<lambda>_New Bugzilla Project,fields.issuetype.name_<lambda>_Proposal,fields.issuetype.name_<lambda>_Requirement,fields.issuetype.name_<lambda>_Brainstorming,fields.issuetype.name_<lambda>_Epic,fields.issuetype.name_<lambda>_Blog - New Blog Request,fields.issuetype.name_<lambda>_IT Help,fields.issuetype.name_<lambda>_Story,fields.issuetype.name_<lambda>_Technical Debt,fields.issuetype.name_<lambda>_SVN->GIT Migration,fields.issuetype.name_<lambda>_Suitable Name Search,fields.issuetype.name_<lambda>_Request,fields.issuetype.name_<lambda>_TCK Challenge,fields.priority.name_<lambda>_Missing,fields.priority.name_<lambda>_Normal,fields.priority.name_<lambda>_P3,fields.priority.name_<lambda>_P0,fields.priority.name_<lambda>_P4,fields.priority.name_<lambda>_Low,fields.priority.name_<lambda>_P1,fields.priority.name_<lambda>_Critical,fields.priority.name_<lambda>_P2,fields.priority.name_<lambda>_Urgent,fields.priority.name_<lambda>_Major,fields.priority.name_<lambda>_Trivial,fields.priority.name_<lambda>_Blocker,fields.priority.name_<lambda>_Minor,fields.priority.name_<lambda>_High,fields.priority.name_<lambda>_Not a Priority,fields.status.name_<lambda>_Accepted,fields.status.name_<lambda>_In Progress,fields.status.name_<lambda>_Done,fields.status.name_<lambda>_Closed,fields.status.name_<lambda>_Open,fields.status.name_<lambda>_Patch Available,fields.status.name_<lambda>_Waiting for Infra,fields.status.name_<lambda>_Resolved,fields.status.name_<lambda>_To Do,fields.status.name_<lambda>_Reopened,created_month_<lambda>_1.0,created_month_<lambda>_2.0,created_month_<lambda>_3.0,created_month_<lambda>_4.0,created_month_<lambda>_5.0,created_month_<lambda>_6.0,created_month_<lambda>_7.0,created_month_<lambda>_8.0,created_month_<lambda>_9.0,created_month_<lambda>_10.0,created_month_<lambda>_11.0
10401.0,jUDDI,991,104,104,0.0,0.0,set(),0,0.0,0,0.0,2004-01-17 22:54:01,2021-06-09 22:21:53,2698.2933240834172,175.86,0.0075,58999.28166666667,7193.908157127656,2674008.6841666666,0,0,174,28,0,0,1,0,0,0,0,0,0,0,0,0,0,0,3,84,0,580,0,0,0,0,121,0,0,0,0,0,0,0,0,0,0,0,0,0,0,0,0,0,0,0,0,0,0,0,40,0,0,818,14,22,97,0,0,0,0,0,909,0,0,0,82,0,0,148,96,94,62,70,73,54,38,71,87,107
10410.0,Infrastructure,15663,2648,2663,0.0,0.0,set(),0,0.0,0,0.0,2003-09-04 02:42:25,2022-01-04 04:37:10,646.5179341441614,53.94027777777778,0.0019444444444444444,48310.953888888886,2373.2302841621827,10126410.4025,0,41,5562,518,36,0,798,380,120,189,68,35,0,37,12,657,0,0,0,302,0,4979,13,11,0,211,1058,168,13,326,1,0,0,0,25,27,0,0,0,76,0,0,0,15,0,0,0,0,0,0,497,0,0,12149,345,397,2260,0,0,0,0,0,15662,0,0,1,0,0,0,1361,1117,1375,1495,1430,1122,1250,1334,1256,1341,1300
10411.0,James Server,3238,441,440,0.0,0.0,set(),0,0.0,0,0.0,2001-06-03 11:06:50,2021-12-15 03:17:17,6063.311339990391,191.60597222222225,0.002777777777777778,144210.87055555556,16000.090575871409,19633002.11888889,0,0,276,228,0,0,29,0,0,0,0,0,0,0,0,0,0,0,34,430,0,1229,0,0,0,0,1012,0,0,0,0,0,0,0,0,0,0,0,0,0,0,0,0,125,0,0,0,0,0,0,63,0,0,2458,121,62,409,0,0,0,0,0,2394,0,0,0,844,0,0,244,228,340,274,250,334,292,208,249,324,292
10460.0,Axis,1842,1022,1021,0.0,0.0,set(),0,0.0,0,0.0,2001-07-18 16:25:14,2020-09-01 18:31:12,8585.879126402462,7168.248888888889,0.004166666666666667,142699.03944444444,11378.20053031546,15815189.350833334,0,0,5,3,0,0,15,0,0,0,0,0,0,0,0,0,0,0,3,14,0,1752,0,0,0,0,50,0,0,0,0,0,0,0,0,0,0,0,0,0,0,0,0,1124,0,0,0,0,0,0,63,0,0,486,8,73,88,0,0,0,0,0,366,0,0,0,1476,0,0,113,118,185,194,141,176,172,153,176,165,130
10461.0,Axis-C++,996,155,155,0.0,0.0,set(),0,0.0,0,0.0,2003-09-24 19:29:38,2013-03-24 19:55:52,4185.573426204819,745.79625,0.01861111111111111,64239.5,9323.109383432185,4168831.1325,0,0,24,6,0,0,20,0,0,0,0,0,0,0,0,0,0,0,29,34,0,741,0,0,0,0,142,0,0,0,0,0,0,0,0,0,0,0,0,0,0,0,0,44,0,0,0,0,0,0,55,0,0,702,24,25,146,0,0,0,0,0,955,0,0,0,41,0,0,84,115,133,78,46,63,71,82,66,107,78
10492.0,Jetspeed 2,1252,216,216,0.0,0.0,set(),0,0.0,0,0.0,2004-03-26 01:19:44,2021-03-10 01:56:44,3782.9129392971245,542.2558333333334,0.0038888888888888888,65462.88527777778,7488.187927159359,4736207.0,0,0,79,37,0,0,22,0,0,0,0,0,0,0,0,0,0,0,5,139,0,660,0,0,0,0,310,0,0,0,0,0,0,0,0,0,0,0,0,0,0,0,0,0,0,0,0,0,0,0,66,0,0,908,22,37,219,0,0,0,0,0,1123,0,0,0,129,0,0,102,69,117,126,164,101,103,88,91,110,92
10510.0,Xerces-C++,2063,1254,1255,0.0,0.0,set(),0,0.0,0,0.0,2001-02-22 15:17:34,2021-12-15 02:18:07,15149.583411698173,11919.426944444445,0.042777777777777776,132173.69555555555,18070.289946173318,31253590.578333333,0,0,17,3,0,0,10,0,0,0,0,0,0,0,0,0,0,0,7,12,0,1927,0,0,0,0,87,0,0,0,0,0,0,0,0,0,0,0,0,0,0,0,0,1053,0,0,0,0,0,0,63,0,0,679,50,63,155,0,0,0,0,0,1626,0,0,0,437,0,0,119,185,199,154,176,195,198,184,165,175,154
10520.0,Xerces2-J,1460,839,840,0.0,0.0,set(),0,0.0,0,0.0,2001-02-09 08:44:45,2021-12-15 16:32:04,9591.847238203956,8494.123055555556,0.0038888888888888888,74222.55,10655.846544131844,14004096.967777777,0,0,5,0,0,0,6,0,0,0,0,0,0,0,0,0,0,0,2,47,0,1285,0,0,0,0,115,0,0,0,0,0,0,0,0,0,0,0,0,0,0,0,0,833,0,0,0,0,0,0,31,0,0,364,26,17,189,0,0,0,0,0,192,0,0,0,1268,0,0,117,164,184,132,114,99,118,98,95,104,148
10570.0,Beehive,1082,93,93,0.0,0.0,set(),0,0.0,0,0.0,2004-08-20 21:25:44,2008-09-02 02:36:02,798.4904764838776,91.80944444444444,0.02638888888888889,17092.331666666665,1863.1034163881084,863966.6955555555,0,0,24,0,0,0,3,0,0,0,0,0,0,0,0,0,0,0,21,19,0,857,0,0,0,0,158,0,0,0,0,0,0,0,0,0,0,0,0,0,0,0,0,0,0,0,0,0,0,0,45,0,0,670,38,15,314,0,0,0,0,0,969,0,0,0,113,0,0,93,157,122,110,182,79,26,43,55,68,82
10573.0,Tapestry,2325,594,594,0.0,0.0,set(),0,0.0,0,0.0,2003-03-12 11:15:58,2011-12-01 01:50:57,2755.52321911589,651.8863888888889,0.009444444444444445,25996.936944444446,4239.460217972833,6406591.484444444,0,0,44,80,0,0,37,0,0,0,0,0,0,0,0,0,0,0,2,160,0,1494,0,0,0,0,508,0,0,0,0,0,0,0,0,0,0,0,0,0,0,0,0,200,0,0,0,0,0,0,118,0,0,1337,98,55,517,0,0,0,0,0,1143,0,0,0,1182,0,0,145,183,230,168,198,197,299,259,171,157,169
10584.0,XalanJ2,697,362,361,0.0,0.0,set(),0,0.0,0,0.0,2001-07-31 15:34:01,2008-04-09 13:10:00,18064.325135501356,21411.617777777778,0.08694444444444445,87166.47305555556,10371.94448801466,12590834.619444445,0,0,7,0,0,0,3,0,0,0,0,0,0,0,0,0,0,0,0,2,0,667,0,0,0,0,18,0,0,0,0,0,0,0,0,0,0,0,0,0,0,0,0,512,0,0,0,0,0,0,15,0,0,124,10,9,27,0,0,0,0,0,100,0,0,0,597,0,0,44,74,66,58,64,52,45,51,22,75,100
10591.0,Jackrabbit Content Repository,4036,657,656,0.0,0.0,set(),0,0.0,0,0.0,2004-09-16 03:45:57,2022-01-03 07:43:37,2385.7247476874795,58.707499999999996,0.0030555555555555557,84110.79777777777,8099.259010357224,9628785.081666667,0,0,502,125,0,0,32,0,0,0,0,0,0,0,0,0,0,0,24,202,0,1897,0,0,0,0,1254,0,0,0,0,0,0,0,0,0,0,0,0,0,0,0,0,0,0,0,0,0,0,0,104,0,0,1990,252,64,1626,0,0,0,0,0,4008,0,0,0,28,0,0,305,340,447,338,310,329,362,332,344,350,311
10594.0,Derby,5817,584,584,0.0,0.0,set(),0,0.0,0,0.0,2004-09-24 21:22:40,2021-08-21 14:57:21,5917.64170883235,794.3119444444444,0.009166666666666667,93352.56916666667,12376.52533244372,34422921.82027778,0,0,274,430,0,0,0,0,0,0,0,0,0,0,0,0,0,0,0,0,0,3547,0,0,0,0,1566,0,0,0,0,0,0,0,0,0,0,0,0,0,0,0,0,0,0,0,0,0,0,0,135,0,0,3329,348,54,1951,0,0,0,0,0,5762,0,0,0,55,0,0,413,580,580,543,499,587,526,455,393,481,408
10600.0,MyFaces Core,4037,953,954,0.0,0.0,set(),0,0.0,0,0.0,2004-11-05 17:31:27,2021-12-06 10:04:09,6677.864567404288,146.54,0.0022222222222222222,90951.24222222222,18306.16314598027,26958539.258611113,0,0,483,143,0,0,19,0,0,0,0,0,0,0,0,0,0,0,11,232,0,2427,0,0,0,0,722,0,0,0,0,0,0,0,0,0,0,0,0,0,0,0,0,0,0,0,0,0,0,0,169,0,0,2780,167,78,843,0,0,0,0,0,3811,0,0,0,226,0,0,262,275,350,438,282,264,338,394,444,348,390
10611.0,Axis2,5227,1763,1763,0.0,0.0,set(),0,0.0,0,0.0,2004-06-25 08:42:22,2021-12-23 11:34:02,4313.07107146653,372.1483333333333,0.007222222222222222,110502.32666666666,9791.11011495087,22544422.490555555,0,0,57,23,0,0,68,0,0,0,0,0,0,0,0,0,0,0,50,219,0,3987,0,0,0,0,823,0,0,0,0,0,0,0,0,0,0,0,0,0,0,0,0,4,0,0,0,0,0,0,487,0,0,3329,95,560,752,0,0,0,0,0,525,0,0,0,4702,0,0,361,397,474,453,453,420,461,485,451,547,442
10670.0,MINA,1082,396,396,0.0,0.0,set(),0,0.0,0,0.0,2005-02-01 10:06:23,2021-12-03 05:46:44,9884.327816029985,475.03625,0.002777777777777778,111428.5675,20829.3706714523,10694842.696944444,0,0,64,8,0,0,23,0,0,0,0,0,0,0,0,0,0,0,7,141,0,605,0,0,0,0,234,0,0,0,0,0,0,0,0,0,0,0,0,0,0,0,0,0,0,0,0,0,0,0,61,0,0,663,66,42,250,0,0,0,0,0,757,0,0,0,325,0,0,71,91,88,84,97,72,97,60,113,99,116
10680.0,Nutch,2623,554,555,0.0,0.0,set(),0,0.0,0,0.0,2005-02-11 04:23:58,2021-12-21 12:21:07,9356.391132608973,932.7619444444445,0.0016666666666666668,114704.12166666667,17044.24371878453,24541813.940833334,0,0,115,119,0,0,26,0,0,0,0,0,0,0,0,0,0,0,16,230,0,1201,0,0,0,0,916,0,0,0,0,0,0,0,0,0,0,0,0,0,0,0,0,0,0,0,0,0,0,0,107,0,0,1430,241,62,783,0,0,0,0,0,2048,0,0,0,575,0,0,221,215,231,216,212,226,243,218,237,231,187
12310000.0,Forrest (Retired),842,141,141,0.0,0.0,set(),0,0.0,0,0.0,2002-11-16 13:19:12,2018-07-25 06:56:15,4412.138453417789,399.21805555555557,0.03138888888888889,148436.96583333332,11918.42582466529,3715020.577777778,0,0,71,36,0,0,7,0,0,0,0,0,0,0,0,0,0,0,3,81,0,441,0,0,0,0,203,0,0,0,0,0,0,0,0,0,0,0,0,0,0,0,0,0,0,0,0,0,0,0,42,0,0,437,59,33,271,0,0,0,0,0,706,0,0,0,136,0,0,72,40,59,57,47,112,81,96,80,81,70
12310050.0,Harmony,5672,269,269,0.0,0.0,set(),0,0.0,0,0.0,2005-06-19 03:40:00,2011-07-18 13:57:26,1046.8555278365461,149.2576388888889,0.002777777777777778,33219.05333333334,2645.2244096373665,5937764.553888889,0,0,39,241,0,0,14,0,0,0,0,0,0,0,0,0,0,0,161,384,0,3605,0,0,0,0,1228,0,0,0,0,0,0,0,0,0,0,0,0,0,0,0,0,0,0,0,0,0,0,0,107,0,0,3903,312,20,1330,0,0,0,0,0,4965,0,0,0,707,0,0,260,329,521,529,379,501,576,509,464,509,502
12310070.0,C++ Standard Library,711,35,35,0.0,0.0,set(),0,0.0,0,0.0,2005-07-27 01:20:26,2012-10-10 12:02:09,2986.3431946397877,675.0041666666667,0.0075,37894.70527777778,4793.901945442527,2123290.011388889,0,0,19,80,0,0,2,0,0,0,0,0,0,0,0,0,0,0,1,2,0,540,0,0,0,0,67,0,0,0,0,0,0,0,0,0,0,0,0,0,0,0,0,0,0,0,0,0,0,0,85,0,0,370,44,50,162,0,0,0,0,0,539,0,0,0,172,0,0,68,52,91,67,54,75,59,51,55,65,53
12310100.0,Felix,5624,870,869,0.0,0.0,set(),0,0.0,0,0.0,2005-07-24 01:33:39,2022-01-03 08:07:55,2872.0866206831834,85.80875,0.0030555555555555557,106407.49055555556,8673.85178001864,16152615.154722223,0,0,248,142,0,0,45,0,0,0,0,0,0,0,0,0,0,0,10,397,0,3200,0,0,0,0,1582,0,0,0,0,0,0,0,0,0,0,0,0,0,0,0,0,0,0,0,0,0,0,0,127,0,0,4265,136,77,1019,0,0,0,0,0,4346,0,0,0,1278,0,0,461,509,505,472,427,441,456,453,555,558,411
12310104.0,Velocity,873,451,451,0.0,0.0,set(),0,0.0,0,0.0,2001-03-21 23:07:22,2021-08-06 13:29:21,18864.250542828053,12529.529444444444,0.12361111111111112,130659.61583333333,21168.30308815077,16468490.723888889,0,0,8,22,0,0,14,0,0,0,0,0,0,0,0,0,0,0,0,47,0,563,0,0,0,0,219,0,0,0,0,0,0,0,0,0,0,0,0,0,0,0,0,0,0,0,0,0,0,0,32,0,0,525,20,19,277,0,0,0,0,0,674,0,0,0,199,0,0,98,69,82,66,86,52,63,56,55,95,95
12310110.0,Lucene - Core,8442,1325,1323,0.0,0.0,set(),0,0.0,0,0.0,2001-10-09 16:19:16,2022-01-04 16:46:17,4101.596066427124,113.59625,0.009722222222222222,103251.64361111111,10386.766218879731,34625673.99277778,0,0,720,297,0,0,91,0,0,0,0,0,0,0,0,0,0,0,184,464,0,3455,0,0,0,0,3231,0,0,0,0,0,0,0,0,0,0,0,0,0,0,0,0,0,0,0,0,0,0,0,105,0,0,4828,516,199,2794,0,0,0,0,0,6482,0,0,0,1959,0,1,725,695,858,771,664,762,667,601,681,733,624
12310170.0,Cocoon,1955,742,739,0.0,0.0,set(),0,0.0,0,0.0,2001-01-23 23:45:46,2019-02-21 16:26:48,16308.064162972436,16457.543055555554,0.005277777777777778,75053.50583333333,11990.004945028653,31882265.438611113,0,0,32,38,0,0,2,0,0,0,0,0,0,0,0,0,0,0,2,29,0,1474,0,0,0,0,378,0,0,0,0,0,0,0,0,0,0,0,0,0,0,0,0,0,0,0,0,0,0,0,84,0,0,1297,22,67,485,0,0,0,0,0,1955,0,0,0,0,0,0,146,204,211,143,153,155,176,143,125,189,154
12310180.0,Axis2-C,1462,217,217,0.0,0.0,set(),0,0.0,0,0.0,2006-01-11 02:42:05,2018-05-17 03:00:40,5114.1633215534275,271.56624999999997,0.005555555555555556,108582.80527777778,16135.54482393181,7476906.776111111,0,0,46,18,0,0,9,0,0,0,0,0,0,0,0,0,0,0,10,63,0,999,0,0,0,0,317,0,0,0,0,0,0,0,0,0,0,0,0,0,0,0,0,0,0,0,0,0,0,0,71,0,0,1037,53,27,274,0,0,0,0,0,539,0,0,0,923,0,0,216,173,133,93,90,92,82,58,119,123,139
12310201.0,Synapse,990,172,172,0.0,0.0,set(),0,0.0,0,0.0,2005-12-23 20:25:02,2020-03-04 14:05:21,3614.7958106060605,230.99569444444444,0.006666666666666667,65810.69083333333,8090.051847173955,3578647.8525,0,0,22,17,0,0,4,0,0,0,0,0,0,0,0,0,0,0,3,62,0,611,0,0,0,0,271,0,0,0,0,0,0,0,0,0,0,0,0,0,0,0,0,0,0,0,0,0,0,0,61,0,0,672,17,64,176,0,0,0,0,0,121,0,0,0,869,0,0,47,59,87,47,160,83,95,88,72,93,60
12310210.0,Tuscany,3496,262,262,0.0,0.0,set(),0,0.0,0,0.0,2006-01-10 05:26:27,2014-04-16 15:45:18,2073.9517995963643,217.31972222222223,0.009722222222222222,36002.853055555555,4567.720732674089,7250535.491388889,0,0,76,57,0,0,23,0,0,0,0,0,0,0,0,0,0,0,96,226,0,2427,0,0,0,0,591,0,0,0,0,0,0,0,0,0,0,0,0,0,0,0,0,0,0,0,0,0,0,0,156,0,0,2527,52,154,607,0,0,0,0,0,3100,0,0,0,396,0,0,241,243,322,297,420,297,303,362,364,316,195
12310230.0,Solr,11785,2279,2279,0.0,0.0,set(),0,0.0,0,0.0,2006-01-25 13:45:45,2021-12-23 21:02:27,6833.792804318106,477.2322222222222,0.008333333333333333,125817.78194444445,14749.644674377625,80536248.19888888,0,0,632,721,0,0,129,0,0,0,0,0,0,0,0,0,0,0,289,1018,0,5612,0,0,0,0,3384,0,0,0,0,0,0,0,0,0,0,0,0,0,0,0,0,0,0,0,0,0,0,0,352,0,0,7185,550,383,3315,0,0,0,0,0,7991,0,0,0,3789,0,5,1020,937,1162,998,944,944,991,959,972,994,969
12310240.0,Hadoop Common,13217,1747,1745,0.0,0.0,set(),0,0.0,0,0.0,2005-07-24 23:46:18,2022-01-04 18:26:35,4643.4065922675345,348.1822222222222,0.003611111111111111,98657.14222222222,11056.490519339493,61371904.93,0,0,276,1897,0,0,42,0,0,0,0,0,0,0,0,0,0,0,223,673,0,6838,0,0,0,0,3268,0,0,0,0,0,0,0,0,0,0,0,0,0,0,0,0,0,0,0,0,0,0,0,495,0,0,8319,528,1114,2761,0,0,0,0,0,6266,0,0,0,6951,0,0,995,1087,1326,1114,1199,1115,1151,1122,1152,1065,963
12310260.0,Directory ApacheDS,1876,353,353,0.0,0.0,set(),0,0.0,0,0.0,2004-01-26 02:13:53,2022-01-03 07:53:26,7483.5643163646055,560.5633333333333,0.0025,126148.1836111111,19144.081500506938,14039166.6575,0,0,140,31,0,0,20,0,0,0,0,0,0,0,0,0,0,0,24,179,0,1169,0,0,0,0,313,0,0,0,0,0,0,0,0,0,0,0,0,0,0,0,0,0,0,0,0,0,0,0,147,0,0,1179,47,175,328,0,0,0,0,0,1590,0,0,0,286,0,0,140,149,158,124,131,147,199,202,163,185,123
12310270.0,ODE,838,168,168,0.0,0.0,set(),0,0.0,0,0.0,2006-02-18 11:53:10,2019-04-17 07:40:43,5137.591514850172,400.7809722222222,0.008888888888888889,76905.69944444444,11933.558816145269,4305301.689444444,0,0,50,20,0,0,9,0,0,0,0,0,0,0,0,0,0,0,8,59,0,521,0,0,0,0,171,0,0,0,0,0,0,0,0,0,0,0,0,0,0,0,0,0,0,0,0,0,0,0,29,0,0,651,22,11,125,0,0,0,0,0,262,0,0,0,576,0,0,57,66,72,86,62,62,70,86,55,78,74
12310272.0,MyFaces Tomahawk,1197,502,502,0.0,0.0,set(),0,0.0,0,0.0,2004-11-21 12:54:30,2021-03-26 20:40:15,4167.61769725239,512.2227777777778,0.003611111111111111,67711.42638888888,8301.132284464911,4988638.383611111,0,0,36,7,0,0,1,0,0,0,0,0,0,0,0,0,0,0,0,89,0,864,0,0,0,0,200,0,0,0,0,0,0,0,0,0,0,0,0,0,0,0,0,0,0,0,0,0,0,0,45,0,0,812,28,31,281,0,0,0,0,0,1169,0,0,0,28,0,0,71,93,126,100,95,100,102,95,120,110,106
12310273.0,MyFaces Tobago,2024,102,102,0.0,0.0,set(),0,0.0,0,0.0,2005-12-01 23:17:58,2021-11-15 08:59:15,9324.73335927207,271.57,0.003611111111111111,129253.94611111112,23135.286981291425,18873260.319166668,0,0,254,56,0,0,19,0,0,0,0,0,0,0,0,0,0,0,1,227,0,923,0,0,0,0,544,0,0,0,0,0,0,0,0,0,0,0,0,0,0,0,0,0,0,0,0,0,0,0,27,0,0,1168,138,9,682,0,0,0,0,0,2017,0,0,0,7,0,0,166,180,175,163,178,158,140,139,159,177,231
12310351.0,OpenJPA,2084,404,405,0.0,0.0,set(),0,0.0,0,0.0,2006-05-09 08:37:23,2021-12-17 10:35:38,3666.9679042706334,391.7415277777778,0.0025,125939.83583333333,9324.568938281538,7641961.1125,0,0,58,209,0,0,3,0,0,0,0,1,0,0,0,0,0,24,42,108,0,1311,0,0,3,0,325,0,0,0,0,0,0,0,0,0,0,0,0,0,0,0,0,5,0,0,0,0,0,0,81,0,0,1487,49,43,419,0,0,0,0,0,1911,0,0,0,173,0,0,165,196,213,178,159,146,172,195,191,174,165
12310360.0,HttpComponents HttpClient,2063,1211,1212,0.0,0.0,set(),0,0.0,0,0.0,2001-10-29 09:49:15,2021-12-02 15:19:55,8827.951970970002,121.68888888888888,0.005833333333333334,76344.15861111111,14299.676505035412,18212064.91611111,0,0,23,5,0,0,39,0,0,0,0,0,0,0,0,0,0,0,10,64,0,1404,0,0,0,0,518,0,0,0,0,0,0,0,0,0,0,0,0,0,0,0,0,0,0,0,0,0,0,0,67,0,0,1310,76,24,586,0,0,0,0,0,1728,0,0,0,335,0,0,186,208,147,186,159,165,199,169,148,185,141
12310481.0,Commons Lang,1410,665,663,0.0,0.0,set(),0,0.0,0,0.0,2002-05-27 14:55:24,2021-12-03 12:38:11,8172.884272261623,804.0419444444444,0.0025,96751.39111111111,13140.759280835377,11523766.823888889,0,0,57,38,0,0,24,0,0,0,0,0,0,0,0,0,0,0,10,216,0,638,0,0,0,0,427,0,0,0,0,0,0,0,0,0,0,0,0,0,0,0,0,0,0,0,0,0,0,0,20,0,0,789,92,9,500,0,0,0,0,0,1317,0,0,0,93,0,0,108,103,129,136,112,105,126,114,106,135,118
12310485.0,Commons Math,1464,439,439,0.0,0.0,set(),0,0.0,0,0.0,2003-05-13 00:22:30,2021-11-30 23:58:10,7854.945934464178,486.62902777777776,0.01611111111111111,68245.63222222222,14638.36574644783,11499640.848055556,0,0,86,64,0,0,59,0,0,0,0,0,0,0,0,0,0,0,12,154,0,680,0,0,0,0,409,0,0,0,0,0,0,0,0,0,0,0,0,0,0,0,0,1,0,0,0,0,0,0,31,0,0,674,152,13,593,0,0,0,0,0,1130,0,0,0,334,0,0,123,114,122,94,142,158,130,133,114,107,108
12310500.0,OFBiz,10955,874,873,0.0,0.0,set(),0,0.0,0,0.0,2006-05-21 01:19:22,2022-01-03 09:19:33,5074.164328338151,257.48305555555555,0.004722222222222222,133742.67527777777,12526.317306554425,55587470.21694444,0,0,159,2937,0,0,74,0,0,0,0,0,0,0,0,0,0,0,26,457,0,4257,0,0,0,0,3045,0,0,0,0,0,0,0,0,0,0,0,0,0,0,0,0,0,0,0,0,0,0,0,145,0,0,4766,950,80,5014,0,0,0,0,0,10955,0,0,0,0,0,0,742,710,850,787,885,1224,839,789,1025,1179,1182
12310511.0,CXF,8083,2519,2516,0.0,0.0,set(),0,0.0,0,0.0,2006-06-27 03:56:52,2021-12-22 15:06:51,2602.739619881232,112.49416666666667,0.0016666666666666668,92850.34472222222,7670.077080251766,21037944.3475,0,0,405,452,0,0,66,0,0,0,0,0,0,0,0,0,0,0,84,319,0,5104,0,0,0,0,1653,0,0,0,0,0,0,0,0,0,0,0,0,0,0,0,0,0,0,0,0,0,0,0,251,0,0,6232,137,137,1326,0,0,0,0,0,7894,0,0,0,189,0,0,649,604,712,724,639,596,676,669,756,714,694
12310520.0,Qpid,7809,411,410,0.0,0.0,set(),0,0.0,0,0.0,2006-09-18 09:57:49,2021-08-22 20:07:58,4963.8973325649895,408.9058333333333,0.008055555555555555,84971.71444444444,11293.397061317328,38763074.27,0,0,322,178,0,0,24,0,0,0,0,0,0,0,0,0,0,0,77,349,0,4728,0,0,0,0,2131,0,0,0,0,0,0,0,0,0,0,0,0,0,0,0,0,0,0,0,0,0,0,0,208,0,0,5740,190,169,1502,0,0,0,0,0,7069,0,0,0,740,0,0,683,667,661,732,647,624,581,642,564,700,751
12310530.0,OpenEJB,1672,167,167,0.0,0.0,set(),0,0.0,0,0.0,2004-01-28 12:42:35,2021-04-22 14:23:57,5531.681202319244,560.4340277777778,0.0019444444444444444,61653.099444444444,10980.47820253048,9248970.970277777,0,0,115,444,0,0,8,0,0,0,0,0,0,0,0,0,0,0,10,174,0,580,0,0,3,0,338,0,0,0,0,0,0,0,0,0,0,0,0,0,0,0,0,0,0,0,0,0,0,0,43,0,0,1439,39,24,127,0,0,0,0,0,1394,0,0,0,278,0,0,202,136,155,93,107,161,114,190,102,141,159
12310561.0,Wicket,6806,1763,1762,0.0,0.0,set(),0,0.0,0,0.0,2006-10-16 05:16:03,2021-12-30 10:02:41,2052.815362670193,95.85111111111112,0.0008333333333333334,92220.78333333334,6149.448671680326,13971461.358333332,0,0,200,150,0,0,101,0,0,0,0,0,0,0,0,0,0,0,15,275,0,4120,0,0,0,0,1945,0,0,0,0,0,0,0,0,0,0,0,0,0,0,0,0,0,0,0,0,0,0,0,129,0,0,4161,480,45,1991,0,0,0,0,0,1029,0,0,0,5777,0,0,614,579,620,555,603,537,536,533,539,571,629
12310570.0,UIMA,5870,212,211,0.0,0.0,set(),0,0.0,0,0.0,2006-11-10 15:08:46,2021-12-13 11:53:21,3840.054726859739,149.54625,0.0030555555555555557,121298.32055555556,14463.924916566417,22541121.246666666,0,0,481,54,0,0,17,0,0,0,0,20,0,0,0,0,0,16,12,330,0,3266,0,0,3,6,1655,0,0,0,0,0,0,2,1,0,0,6,0,0,1,0,0,0,0,0,0,0,0,0,46,0,0,3354,305,46,2119,0,0,0,0,0,4149,0,0,0,1721,0,0,633,565,566,439,439,505,515,447,404,467,496
12310580.0,Ivy,1221,487,486,0.0,0.0,set(),0,0.0,0,0.0,2004-10-27 10:24:51,2021-11-23 16:25:56,6319.530471380472,1269.8561111111112,0.003611111111111111,107495.53333333334,13233.817611927567,7716146.705555555,0,0,22,3,0,0,8,0,0,0,0,1,0,0,0,0,0,3,0,105,0,770,0,0,1,0,308,0,0,0,0,0,0,0,0,0,0,0,0,0,0,0,0,0,0,0,0,0,0,0,51,0,0,851,36,31,252,0,0,0,0,0,300,0,0,0,921,0,0,146,109,115,116,86,87,86,97,113,112,70
12310590.0,Directory Studio,1084,363,364,0.0,0.0,set(),0,0.0,0,0.0,2006-11-27 15:11:52,2021-08-17 16:40:20,6486.38945700082,510.3070833333333,0.006111111111111111,108289.91472222222,16244.514576918898,7031246.171388889,0,1,84,21,0,0,5,0,0,0,0,2,0,0,0,0,0,19,1,57,0,659,0,0,0,0,231,0,0,0,0,0,0,2,0,0,2,0,0,0,0,0,0,0,0,0,0,0,0,0,53,0,0,691,27,55,258,0,0,0,0,0,1083,0,0,0,1,0,0,110,104,107,86,83,81,81,83,102,88,95
12310631.0,Tika,2690,799,802,0.0,0.0,set(),0,0.0,0,0.0,2007-03-31 06:54:09,2022-01-04 06:33:06,3054.8194946303183,132.7473611111111,0.0019444444444444444,118125.29138888889,8203.345928402989,8217464.440555556,0,0,289,48,0,0,32,0,0,0,0,0,0,0,0,0,0,0,6,173,0,1255,0,0,0,0,887,0,0,0,0,0,0,0,0,0,0,0,0,0,0,0,0,0,0,0,0,0,0,0,90,0,0,1530,244,80,746,0,0,0,0,0,744,0,0,0,1946,0,0,199,212,232,216,225,208,205,191,268,265,253
12310661.0,MyFaces Trinidad,1859,297,297,0.0,0.0,set(),0,0.0,0,0.0,2006-04-20 03:46:22,2017-07-12 07:41:34,2238.8508372183373,126.2475,0.0022222222222222222,77788.25027777778,6243.634847200954,4162023.706388889,0,0,32,15,0,0,7,0,0,0,0,0,0,0,0,0,0,0,6,101,0,1234,0,0,0,0,464,0,0,0,0,0,0,0,0,0,0,0,0,0,0,0,0,0,0,0,0,0,0,0,76,0,0,1150,69,44,520,0,0,0,0,0,1571,0,0,0,288,0,0,160,137,157,128,148,138,160,195,178,185,152
12310710.0,Sling,9936,514,514,0.0,0.0,set(),0,0.0,0,0.0,2007-09-11 07:28:01,2022-01-03 14:24:43,1767.0490309368852,19.778055555555554,0.0022222222222222222,110346.865,6961.6518900062965,17557399.17138889,0,0,803,376,0,0,26,0,0,0,0,0,0,0,0,0,0,0,58,767,0,3899,0,0,0,0,4007,0,0,0,0,0,0,0,0,0,0,0,0,0,0,0,0,0,0,0,0,0,0,0,224,0,0,7825,141,93,1653,0,0,0,0,0,7806,0,0,0,2130,0,0,876,825,845,736,807,827,748,809,885,998,838
12310730.0,Pig,4305,581,580,0.0,0.0,set(),0,0.0,0,0.0,2007-10-10 22:29:17,2021-02-22 21:19:57,2425.1239437346753,289.25333333333333,0.008611111111111111,59878.620833333334,5528.080908507368,10440158.577777777,0,0,84,539,0,0,22,0,0,0,0,0,0,0,0,0,0,0,41,243,0,2586,0,0,0,0,790,0,0,0,0,0,0,0,0,0,0,0,0,0,0,0,0,0,0,0,0,0,0,0,136,0,0,3461,137,53,518,0,0,0,0,0,3477,0,0,0,828,0,0,362,389,449,376,347,307,368,312,357,393,362
12310732.0,JSPWiki,901,249,248,0.0,0.0,set(),0,0.0,0,0.0,2007-10-13 21:55:21,2021-12-31 15:53:58,7079.9227093353065,427.92527777777775,0.005,115452.64722222222,17441.10355456837,6379010.361111111,0,0,106,6,0,0,15,0,0,0,0,0,0,0,0,0,0,0,5,32,0,524,0,0,0,0,213,0,0,0,0,0,0,0,0,0,0,0,0,0,0,0,0,0,0,0,0,0,0,0,37,0,0,388,73,10,393,0,0,0,0,0,899,0,0,0,2,0,0,116,81,63,69,75,60,58,90,53,43,114
12310741.0,Shindig,1752,316,316,0.0,0.0,set(),0,0.0,0,0.0,2007-12-17 02:50:31,2015-07-21 13:48:11,1555.7109195839673,144.87319444444444,0.007222222222222222,52404.921111111114,4431.106904288032,2725605.531111111,0,0,19,66,0,0,8,0,0,0,0,0,0,0,0,0,0,14,24,151,0,918,0,0,1,0,551,0,0,0,0,0,0,0,0,0,0,0,0,0,0,0,0,0,0,0,0,0,0,0,41,0,0,1215,80,33,383,0,0,0,0,0,524,0,0,0,1219,0,9,174,168,142,121,186,182,146,166,140,104,102
12310751.0,Mahout,2009,480,479,0.0,0.0,set(),0,0.0,0,0.0,2008-01-30 18:10:17,2021-01-08 17:02:53,2464.052661772026,392.08722222222224,0.0022222222222222222,33383.896944444445,4314.8287638249585,4950281.7975,0,0,126,28,0,0,18,0,2,0,0,33,0,0,0,0,0,34,17,247,0,790,0,0,7,0,697,0,0,0,0,0,0,0,5,3,0,2,0,0,0,0,0,0,0,0,0,0,0,0,53,0,0,1182,118,47,609,0,0,0,0,0,1832,0,0,0,177,0,0,164,134,269,232,196,213,136,137,131,128,146
12310753.0,HBase,22774,1599,1604,0.0,0.0,set(),0,0.0,0,0.0,2007-02-27 16:51:17,2022-01-02 12:58:15,3583.228919028034,165.35569444444445,0.001388888888888889,102144.71583333334,9490.24580693702,81604455.40194444,0,0,1595,4098,0,153,57,0,0,0,0,0,0,0,0,0,0,0,599,749,0,10738,0,0,0,0,4728,0,0,0,0,0,0,57,0,0,0,0,0,0,0,0,0,0,0,0,0,0,0,0,1611,0,0,14039,1214,1028,4882,0,0,0,0,0,8891,0,0,0,13883,0,0,1823,1765,2025,1965,1917,1802,1811,2065,1932,1935,1852
12310760.0,PDFBox,4959,1652,1652,0.0,0.0,set(),0,0.0,0,0.0,2003-07-04 00:57:00,2022-01-04 05:11:56,7116.598057628106,127.64972222222222,0.005277777777777778,136125.375,16230.670583467614,35291209.76777778,0,0,118,86,0,0,82,0,0,0,0,0,0,0,0,0,0,0,21,200,0,3588,0,0,0,0,864,0,0,0,0,0,0,0,0,0,0,0,0,0,0,0,0,97,0,0,0,0,0,0,167,0,0,3392,137,92,1074,0,0,0,0,0,4829,0,0,0,130,0,0,416,442,427,386,385,426,404,417,424,452,443
12310780.0,CouchDB,3292,826,826,0.0,0.0,set(),0,0.0,0,0.0,2008-03-08 23:42:31,2019-05-17 14:32:23,17001.876050948427,5863.744027777778,0.0025,91902.60472222223,21583.335775277435,55970175.95972222,0,0,77,14,0,3,47,0,8,0,0,35,0,0,0,0,0,39,39,260,0,1878,0,0,7,0,880,0,0,0,0,0,0,2,0,0,0,3,0,0,0,0,0,0,0,0,0,0,0,0,63,0,0,2352,111,180,586,0,0,0,0,0,2289,0,0,0,1003,0,0,270,376,354,277,239,204,234,229,263,289,298
12310790.0,Log4j 2,2459,984,987,0.0,0.0,set(),0,0.0,0,0.0,2008-04-24 16:20:20,2022-01-05 09:03:49,3430.216396005603,95.07055555555556,0.0044444444444444444,96489.99972222222,9361.602833818573,8434902.117777778,0,0,61,30,0,0,51,0,0,1,0,58,0,0,0,0,0,103,11,197,1,1269,0,0,16,0,653,0,0,0,0,0,0,2,1,0,0,3,0,0,0,2,0,0,0,0,0,0,0,0,110,0,0,1853,60,89,347,0,0,0,0,0,1603,0,0,0,856,0,0,213,184,182,197,188,211,196,238,250,180,193
12310800.0,Thrift,4686,1520,1520,0.0,0.0,set(),0,0.0,0,0.0,2008-05-15 22:29:20,2021-12-12 00:30:12,5143.504247047945,309.78263888888887,0.0033333333333333335,106229.73611111111,11781.881895717599,24102460.901666667,1,0,73,250,0,2,35,0,0,0,0,31,0,0,0,0,0,67,24,227,1,2624,0,0,8,0,1323,0,0,0,0,0,0,1,3,0,1,9,1,0,0,5,0,0,0,0,0,0,0,0,188,0,0,2818,320,120,1240,0,0,0,0,0,4631,0,0,0,55,0,0,442,413,464,401,386,348,329,385,401,363,376
12310801.0,ZooKeeper,2805,729,729,0.0,0.0,set(),0,0.0,0,0.0,2008-06-06 22:02:18,2021-12-15 07:49:20,5089.203297286592,629.2638888888889,0.006666666666666667,96378.235,11575.784112228532,14275215.24888889,0,0,93,265,0,0,20,0,0,0,0,0,0,0,0,0,0,0,59,128,0,1499,0,0,0,0,741,0,0,0,0,0,0,0,0,0,0,0,0,0,0,0,0,0,0,0,0,0,0,0,221,0,0,1532,161,255,636,0,0,0,0,0,1415,0,0,0,1390,0,0,201,215,292,194,198,262,264,238,222,284,216
12310810.0,Hama,867,48,48,0.0,0.0,set(),0,0.0,0,0.0,2008-05-29 11:20:24,2018-02-17 16:11:03,2030.526946366782,192.31,0.01138888888888889,51546.93388888889,4793.559491247171,1760466.8625,0,0,41,113,0,1,7,0,0,0,0,3,0,0,0,0,0,6,9,109,0,221,0,0,0,0,357,0,0,0,0,0,0,0,0,0,0,0,0,0,0,0,0,0,0,0,0,0,0,0,22,0,0,655,68,22,100,0,0,0,0,0,5,0,0,0,862,0,0,54,76,75,65,62,63,50,77,73,112,91
12310833.0,Tapestry 5,2513,491,491,0.0,0.0,set(),0,0.0,0,0.0,2006-07-27 15:11:20,2021-12-11 19:53:23,9389.705974819826,1730.6144444444444,0.0038888888888888888,68839.93333333333,13975.37144841065,23596331.114722222,0,0,71,35,0,0,33,0,0,0,0,6,0,0,0,0,0,18,1,252,0,1259,0,0,12,0,826,0,0,0,0,0,0,0,0,0,0,0,0,0,0,0,0,0,0,0,0,0,0,0,101,0,0,1460,100,52,800,0,0,0,0,0,2197,0,0,0,316,0,0,209,203,269,210,198,150,158,175,236,290,210
12310840.0,VCL,981,46,46,0.0,0.0,set(),0,0.0,0,0.0,2009-01-06 16:01:29,2021-03-11 19:47:53,7153.042904066146,2471.8541666666665,0.010555555555555556,66049.04944444445,11218.834057223845,7017135.088888889,0,0,22,25,0,0,0,0,0,0,0,1,0,0,0,1,0,3,1,87,0,455,0,0,0,0,386,0,0,0,0,0,0,0,0,0,0,0,0,0,0,0,0,0,0,0,0,0,0,0,5,0,0,562,30,3,381,0,0,0,0,0,84,0,0,0,897,0,0,126,84,89,79,67,89,90,95,88,85,44
12310843.0,Hive,18516,1470,1498,0.0,0.0,set(),0,0.0,0,0.0,2008-09-03 22:55:33,2022-01-05 06:32:19,1903.4812202209503,205.11041666666665,0.0044444444444444444,98335.34555555556,5690.905575401216,35244858.27361111,0,0,648,3565,0,0,30,0,0,0,0,0,0,0,0,0,0,0,300,673,0,10140,0,0,0,0,3160,0,0,0,0,0,0,0,0,0,0,0,0,0,0,0,0,0,0,0,0,0,0,0,933,0,0,14701,513,446,1923,0,0,0,0,0,8895,0,0,0,9621,0,0,1449,1478,1729,1641,1547,1486,1573,1593,1519,1777,1417
12310844.0,OpenWebBeans,1357,137,137,0.0,0.0,set(),0,0.0,0,0.0,2008-11-17 14:16:03,2021-12-13 12:25:55,2149.7894356423485,51.250277777777775,0.0022222222222222222,35997.798055555555,5104.024627121881,2917264.2641666667,0,0,171,25,0,0,3,0,0,0,0,1,0,0,0,0,0,3,12,59,0,802,0,0,3,0,274,0,0,0,0,0,0,0,0,0,0,0,0,0,0,0,4,0,0,0,0,0,0,0,41,0,0,1145,18,23,130,0,0,0,0,0,1222,0,0,0,135,0,0,163,146,126,136,102,105,95,95,91,87,108
12310849.0,MINA SSHD,1152,333,333,0.0,0.0,set(),0,0.0,0,0.0,2008-12-10 10:03:36,2021-12-27 03:44:55,1996.9031997492284,111.93027777777777,0.0075,62769.66305555555,6107.533498517999,2300432.486111111,0,0,19,1,0,0,15,0,0,0,0,2,0,0,0,0,0,76,2,110,0,493,0,0,1,0,433,0,0,0,0,0,0,0,0,0,0,0,0,0,0,0,0,0,0,0,0,0,0,0,31,0,0,735,18,39,329,0,0,0,0,0,101,0,0,0,1051,0,0,81,106,106,73,105,95,136,90,78,83,106
12310863.0,Pivot,844,105,106,0.0,0.0,set(),0,0.0,0,0.0,2009-01-26 14:43:51,2021-04-12 19:31:24,2205.4253126645604,127.97541666666666,0.001388888888888889,67374.00888888889,6270.349572216856,1861378.963888889,0,0,48,19,0,0,7,0,0,0,0,0,1,0,0,0,0,0,2,133,0,307,0,0,0,0,327,0,0,0,0,0,0,0,0,0,0,0,0,0,0,0,0,0,0,0,0,0,0,0,10,0,0,295,43,2,494,0,0,0,0,0,131,0,0,0,713,0,0,60,43,68,117,58,95,76,108,76,60,40
12310865.0,Cassandra,14816,2491,2492,0.0,0.0,set(),0,0.0,0,0.0,2009-03-07 03:37:05,2022-01-05 13:00:17,2580.083982912617,257.8573611111111,0.004166666666666667,80623.48055555555,6377.3208138692125,38226524.29083333,0,0,474,565,0,0,0,0,0,0,0,0,0,0,0,0,0,0,0,727,0,8621,0,0,0,0,4429,0,0,0,0,0,0,0,0,0,0,0,0,0,0,0,0,0,8321,0,0,0,5880,0,0,0,595,0,0,0,0,20,0,0,0,0,0,4,0,0,14812,0,0,1089,1163,1288,1345,1270,1146,1290,1427,1334,1332,1124
12310903.0,Cayenne,2273,306,306,0.0,0.0,set(),0,0.0,0,0.0,2003-11-08 02:24:43,2021-12-17 08:43:49,3078.5058446986363,130.0075,0.001388888888888889,103994.2988888889,9071.344285850766,6997443.785,0,0,345,69,0,0,0,0,0,0,0,0,0,0,0,0,0,0,0,0,0,1157,0,0,0,0,702,0,0,0,0,0,0,0,0,0,0,0,0,0,0,0,0,0,0,0,0,0,0,0,78,0,0,1455,103,19,618,0,0,0,0,0,2273,0,0,0,0,0,0,201,211,181,206,186,157,158,176,181,189,219
12310906.0,Apache Roller,2069,558,559,0.0,0.0,set(),0,0.0,0,0.0,2002-09-03 23:53:47,2021-12-22 23:33:14,14854.570049406584,1487.065,0.0016666666666666668,98998.75833333333,22996.46297536067,30734105.43222222,0,0,81,1,0,0,1,0,0,0,0,2,0,0,0,0,0,9,3,173,0,1327,0,0,1,0,471,0,0,0,0,0,0,0,0,0,0,0,0,0,0,0,0,0,0,0,0,0,0,0,62,0,0,1315,82,32,578,0,0,0,0,0,2037,0,0,0,32,0,0,230,142,160,129,188,142,168,146,194,211,182
12310911.0,Apache Avro,2411,700,700,0.0,0.0,set(),0,0.0,0,0.0,2009-04-09 22:09:08,2022-01-05 13:09:32,3987.8075808793033,305.42055555555555,0.005555555555555556,86682.72194444445,10728.69980671707,9614604.0775,0,0,144,51,0,0,24,0,0,0,0,0,0,0,0,0,0,0,52,215,0,1062,0,0,0,0,863,0,0,0,0,0,0,0,0,0,0,0,0,0,0,0,0,0,0,0,0,0,0,0,91,0,0,1639,95,87,499,0,0,0,0,0,1464,0,0,0,947,0,0,285,200,201,210,178,184,166,199,207,202,224
12310936.0,Chemistry,997,278,278,0.0,0.0,set(),0,0.0,0,0.0,2008-12-23 10:12:40,2021-01-16 23:47:40,2726.331263791374,42.29694444444444,0.0038888888888888888,57287.29666666667,7629.954446839156,2718152.27,0,0,70,44,0,0,18,0,0,0,0,0,0,0,0,0,0,0,5,53,0,569,0,0,0,0,238,0,0,0,0,0,0,0,0,0,0,0,0,0,0,0,0,0,0,0,0,0,0,0,46,0,0,682,15,22,232,0,0,0,0,0,114,0,0,0,883,0,0,61,102,112,80,85,82,99,75,64,92,79
12310941.0,Hadoop Map/Reduce,5389,806,804,0.0,0.0,set(),0,0.0,0,0.0,2006-03-17 12:26:20,2021-11-17 16:01:59,8302.116605379271,647.6797222222223,0.009166666666666667,117264.64333333333,15543.235730599206,44740106.38638889,0,0,111,428,0,0,14,0,0,0,0,0,0,0,0,0,0,0,102,229,0,3400,0,0,0,0,1105,0,0,0,0,0,0,0,0,0,0,0,0,0,0,0,0,0,0,0,0,0,0,0,340,0,0,3501,209,493,846,0,0,0,0,0,2567,0,0,0,2822,0,0,422,449,455,430,389,426,523,504,517,491,426
12310942.0,Hadoop HDFS,12328,1203,1207,0.0,0.0,set(),0,0.0,0,0.0,2006-04-06 08:00:00,2022-01-04 12:35:03,3727.961019247062,236.9236111111111,0.0044444444444444444,96070.03972222222,9613.900830715636,45958303.44527778,0,0,133,3600,0,0,47,0,0,0,0,0,0,0,0,0,0,0,281,299,0,5350,0,0,0,0,2618,0,0,0,0,0,0,0,0,0,0,0,0,0,0,0,0,0,0,0,0,0,0,0,555,0,0,8462,445,473,2393,0,0,0,0,0,3534,0,0,0,8794,0,0,905,961,1122,1081,1123,997,1004,1069,1107,1153,961
12310963.0,Traffic Server,4413,383,383,0.0,0.0,set(),0,0.0,0,0.0,2009-10-30 00:05:08,2017-01-04 14:53:09,3345.6851306745225,345.98,0.006944444444444444,57436.69694444445,6953.197157253438,14764508.481666667,0,0,51,36,0,0,15,0,0,0,0,0,0,0,0,0,0,0,11,354,0,2673,0,0,0,0,1273,0,0,0,0,0,0,0,0,0,0,0,0,0,0,0,0,0,0,0,0,0,0,0,128,0,0,3572,91,116,506,0,0,0,0,0,4207,0,0,0,206,0,0,348,353,386,428,428,339,363,367,409,296,373
12310981.0,Aries,1755,276,276,0.0,0.0,set(),0,0.0,0,0.0,2009-09-29 21:33:22,2021-10-19 19:13:58,3077.598070908515,119.15416666666667,0.0025,90406.98555555556,9022.574593758913,5401184.614444444,0,0,61,12,0,0,3,0,0,0,0,2,0,0,0,0,0,4,12,149,0,1025,0,0,13,0,469,0,0,0,0,0,0,1,1,0,0,1,0,0,0,2,0,0,0,0,0,0,0,0,50,0,0,1471,30,17,187,0,0,0,0,0,535,0,0,0,1220,0,0,144,186,165,110,146,122,121,124,165,180,145
12311020.0,Clerezza,799,32,32,0.0,0.0,set(),0,0.0,0,0.0,2009-12-01 03:19:54,2021-07-13 06:53:15,1439.9331362119317,19.586111111111112,0.0077777777777777776,69483.36527777778,6207.134271886853,1150506.5758333334,0,0,64,65,0,1,4,0,0,0,0,0,0,0,0,0,0,3,0,49,0,305,0,0,2,0,306,0,0,0,0,0,0,0,0,0,0,0,0,0,0,0,0,0,0,0,0,0,0,0,33,0,0,677,23,14,52,0,0,0,0,0,534,0,0,0,265,0,0,85,91,119,64,77,65,49,45,38,38,54
12311030.0,Libcloud,593,250,250,0.0,0.0,set(),0,0.0,0,0.0,2009-12-16 03:25:47,2019-06-06 17:31:55,1039.33,88.90861111111111,0.016666666666666666,23706.145277777778,2358.396607164261,616322.69,0,0,7,4,0,0,5,0,0,0,0,0,0,0,0,0,0,0,2,94,0,270,0,0,0,0,211,0,0,0,0,0,0,0,0,0,0,0,0,0,0,0,0,0,0,0,0,0,0,0,11,0,0,313,50,11,208,0,0,0,0,0,297,0,0,0,296,0,0,44,44,35,58,61,69,51,35,44,51,43
12311041.0,Struts 2,4761,1742,1741,0.0,0.0,set(),0,0.0,0,0.0,2002-05-10 16:37:38,2021-12-30 12:32:41,3815.5432821652785,438.0552777777778,0.0011111111111111111,118163.94027777777,9703.770465705424,18165801.56638889,0,0,310,76,0,0,0,0,0,0,0,0,28,0,0,0,75,0,0,318,0,2811,0,0,0,0,1143,0,0,0,0,0,0,0,0,0,0,0,0,0,0,0,0,0,0,0,0,0,0,0,270,0,0,2919,232,180,1160,0,0,0,0,0,4606,0,0,0,155,0,0,458,429,469,348,365,367,328,346,382,421,419
12311043.0,Struts 1,2765,1673,1674,0.0,0.0,set(),0,0.0,0,0.0,2000-10-19 07:27:07,2018-08-27 10:36:28,32491.348561583283,35588.165,0.008611111111111111,80867.88583333333,15198.89410631202,89838578.77277778,0,0,33,3,0,0,0,0,0,0,0,0,4,0,0,0,0,0,0,22,0,1874,0,0,0,0,829,0,0,0,0,0,0,0,0,0,0,0,0,0,0,0,0,0,0,0,0,0,0,0,101,0,0,1504,27,85,1048,0,0,0,0,0,2640,0,0,0,125,0,0,227,251,291,246,225,263,231,243,220,199,203
12311050.0,ManifoldCF,1580,171,171,0.0,0.0,set(),0,0.0,0,0.0,2010-01-12 14:04:32,2021-12-19 17:22:55,1198.427864978903,15.994444444444445,0.0077777777777777776,42369.616944444446,4238.448411612171,1893516.0266666666,0,0,168,16,0,0,23,0,0,0,0,0,0,0,0,0,0,0,23,58,0,852,0,0,0,0,440,0,0,0,0,0,0,0,0,0,0,0,0,0,0,0,0,0,0,0,0,0,0,0,61,0,0,1153,25,75,266,0,0,0,0,0,9,0,0,0,1571,0,0,210,140,100,139,88,158,106,98,150,125,118
12311070.0,OODT,976,78,78,0.0,0.0,set(),0,0.0,0,0.0,2010-02-07 23:19:27,2021-03-17 08:27:09,9788.242409494536,819.77625,0.005,64440.322222222225,15285.380705932037,9553324.591666667,0,0,32,135,0,1,4,0,0,0,0,5,0,0,0,0,0,6,4,98,0,372,0,0,3,0,314,0,0,0,0,0,0,1,0,0,0,1,0,0,0,0,0,0,0,0,0,0,0,0,28,0,0,550,39,32,327,0,0,0,0,0,55,0,0,0,921,0,0,37,93,101,80,60,164,53,61,79,96,78
12311140.0,Karaf,6540,764,764,0.0,0.0,set(),0,0.0,0,0.0,2009-04-28 15:00:25,2021-12-30 15:29:32,2503.1322886085627,101.98847222222221,0.0022222222222222222,90688.91916666667,7055.124226624315,16370485.1675,0,0,264,39,0,0,16,0,0,0,0,36,0,0,0,1,1,33,43,398,0,2850,0,0,1513,0,1342,0,0,0,0,1,0,1,0,0,0,1,0,0,0,1,0,0,0,0,0,0,0,0,130,0,0,5488,111,112,699,0,0,0,0,0,1087,0,0,0,5453,0,0,532,539,554,598,480,518,603,482,558,615,551
12311171.0,Isis,2672,81,81,0.0,0.0,set(),0,0.0,0,0.0,2010-09-23 01:37:53,2021-12-23 14:48:11,4352.385830422489,140.8983333333333,0.008055555555555555,81146.92527777777,10642.691297662259,11629574.938888889,0,0,89,71,0,6,17,0,0,0,0,10,0,0,0,0,0,7,4,455,0,772,0,0,20,0,1220,0,0,0,0,0,0,1,0,0,0,0,0,0,0,0,0,0,0,0,0,0,0,0,32,0,0,1117,148,29,1346,0,0,0,0,0,2473,0,0,0,199,0,0,287,260,304,152,221,218,215,133,221,181,235
12311206.0,ServiceMix,4210,452,452,0.0,0.0,set(),0,0.0,0,0.0,2005-07-08 06:07:42,2021-12-28 05:45:42,3552.472296912114,41.404583333333335,0.0016666666666666668,67459.56888888888,12132.131459026526,14955908.37,0,0,2284,80,0,0,20,0,0,0,0,0,0,0,0,0,0,0,41,222,0,1080,0,0,16,0,467,0,0,0,0,0,0,0,0,0,0,0,0,0,0,0,0,0,0,0,0,0,0,0,63,0,0,3513,61,32,541,0,0,0,0,0,861,0,0,0,3349,0,0,331,302,420,368,345,296,354,361,285,436,377
12311208.0,ServiceMix 4,1758,150,150,0.0,0.0,set(),0,0.0,0,0.0,2007-09-21 02:11:06,2016-09-25 11:01:03,578.6648535267349,22.107777777777777,0.0019444444444444444,66067.25416666667,2952.107815342858,1017292.8125,0,0,843,21,0,0,8,0,0,0,0,0,0,0,0,0,0,0,23,96,0,495,0,0,0,0,272,0,0,0,0,0,0,0,0,0,0,0,0,0,0,0,0,0,0,0,0,0,0,0,8,0,0,1581,14,4,151,0,0,0,0,0,54,0,0,0,1704,0,0,212,120,119,103,105,152,133,116,210,168,165
12311210.0,ActiveMQ,6740,2212,2211,0.0,0.0,set(),0,0.0,0,0.0,2004-04-20 14:14:03,2021-12-17 09:00:54,4896.801024398285,219.79861111111111,0.002777777777777778,127751.37833333333,10976.570538590953,33004438.904444445,0,0,250,55,0,0,56,0,0,0,0,0,0,0,0,0,0,0,73,430,0,4494,0,0,42,0,1340,0,0,0,0,0,0,0,0,0,0,0,0,0,0,0,0,0,0,0,0,0,0,0,372,0,0,4854,204,147,1163,0,0,0,0,0,1758,0,0,0,4982,0,0,563,597,635,515,534,601,590,535,571,612,547
12311211.0,Camel,16716,2724,2723,0.0,0.0,set(),0,0.0,0,0.0,2007-04-18 16:06:05,2022-01-05 11:40:56,1934.8142663549227,40.96805555555555,0.001388888888888889,86140.49416666667,6719.525420244306,32342355.276388887,0,0,2048,576,0,0,88,0,0,0,0,0,0,0,0,0,0,0,279,1846,0,5578,0,0,59,0,6242,0,0,0,0,0,0,0,0,0,0,0,0,0,0,0,0,0,0,0,0,0,0,0,127,0,0,10678,409,37,5465,0,0,0,0,0,4436,0,0,0,12280,0,0,1394,1436,1622,1405,1328,1434,1399,1312,1365,1379,1407
12311212.0,ServiceMix Components,746,136,136,0.0,0.0,set(),0,0.0,0,0.0,2006-06-14 23:37:29,2014-04-09 17:48:09,922.6920710455764,19.835277777777776,0.005,85580.38277777778,4704.868003225,688328.285,0,0,59,7,0,0,1,0,0,0,0,0,0,0,0,0,0,0,54,29,0,372,0,0,0,0,224,0,0,0,0,0,0,0,0,0,0,0,0,0,0,0,0,0,0,0,0,0,0,0,22,0,0,668,7,7,42,0,0,0,0,0,13,0,0,0,733,0,0,52,64,55,45,67,76,81,45,76,63,61
12311214.0,Stanbol (Retired),1317,85,85,0.0,0.0,set(),0,0.0,0,0.0,2010-11-23 09:39:50,2018-11-24 20:30:59,3119.000741584409,146.33444444444444,0.01,56212.10055555555,7432.127531733341,4107723.9766666666,0,0,63,189,0,0,6,0,0,0,0,2,0,0,0,0,0,15,20,128,0,506,0,0,3,0,381,0,0,0,0,0,0,0,1,0,0,3,0,0,0,0,0,0,0,0,0,0,0,0,17,0,0,926,44,19,311,0,0,0,0,0,863,0,0,0,454,0,0,112,156,129,143,117,105,110,62,56,105,103
12311215.0,OpenNLP,1139,147,147,0.0,0.0,set(),0,0.0,0,0.0,2010-12-01 16:46:23,2021-09-21 05:53:33,4423.516024534191,123.11,0.008333333333333333,79879.28277777777,11573.88009470371,5038384.751944444,0,0,126,15,0,0,3,0,0,0,0,18,0,0,0,0,0,14,22,63,0,330,0,0,2,0,546,0,0,0,0,0,0,0,0,0,0,0,0,0,0,0,0,1,0,0,0,0,0,0,8,0,0,519,121,4,486,0,0,0,0,0,1105,0,0,0,34,0,0,158,103,84,98,124,53,73,80,51,97,108
12311220.0,Apache Jena,2091,383,385,0.0,0.0,set(),0,0.0,0,0.0,2010-12-08 16:40:04,2022-01-04 21:21:38,5007.58842247197,92.4588888888889,0.0030555555555555557,83947.61472222222,11951.592279594024,10470867.39138889,0,0,196,10,0,1,14,0,0,0,0,27,0,0,0,0,0,44,4,88,0,1041,0,0,10,0,646,0,0,0,0,0,0,8,2,0,0,0,0,0,0,0,0,0,0,0,0,0,0,0,49,0,0,1228,83,5,726,0,0,0,0,0,2070,0,0,0,21,0,0,172,188,171,171,146,193,143,180,175,174,179
12311242.0,Mesos,7148,640,639,0.0,0.0,set(),0,0.0,0,0.0,2011-02-16 23:12:40,2021-10-01 04:47:47,6735.685982753528,1028.3772222222224,0.0044444444444444444,56801.161944444444,10358.100886738279,48146683.40472222,0,0,1577,0,0,0,26,0,0,0,0,201,0,0,0,0,0,0,0,0,0,3679,0,0,0,0,1444,0,0,0,0,0,0,0,117,0,0,104,0,0,0,0,0,0,0,0,0,0,0,0,331,0,0,5372,132,443,870,0,0,2,0,0,0,0,0,0,7146,0,0,654,566,667,508,637,639,609,525,542,707,585
12311290.0,Rave,864,61,61,0.0,0.0,set(),0,0.0,0,0.0,2011-04-01 12:04:33,2015-01-23 05:56:04,740.9322093621399,168.22208333333333,0.0025,16025.35861111111,1538.6042544532113,640165.4288888889,0,0,42,341,0,4,0,0,0,0,0,0,0,0,0,0,0,1,1,24,0,207,0,0,4,41,120,0,0,0,0,0,0,0,4,0,0,75,0,0,0,0,0,0,0,0,0,0,0,0,12,0,0,669,30,13,140,0,0,0,0,0,686,0,0,0,178,0,0,55,40,57,62,75,98,146,118,69,51,54
12311293.0,Bookkeeper,1022,69,69,0.0,0.0,set(),0,0.0,0,0.0,2009-02-04 11:01:20,2017-08-09 18:25:48,6263.093600239183,660.2723611111111,0.08361111111111111,74707.80444444444,13113.75863679107,6400881.659444445,0,0,29,154,0,0,8,0,0,0,0,2,0,0,0,0,0,1,13,55,0,546,0,0,0,0,212,0,0,0,0,0,0,0,0,0,0,2,0,0,0,0,0,0,0,0,0,0,0,0,27,0,0,753,31,73,138,0,0,0,0,0,461,0,0,0,561,0,0,50,83,69,91,111,102,79,84,58,91,110
12311302.0,Airavata,2802,84,84,0.0,0.0,set(),0,0.0,0,0.0,2011-05-13 02:01:02,2021-11-30 22:15:01,3488.814069117297,581.1266666666667,0.0019444444444444444,45849.92611111111,6137.593501929874,9775657.021666666,0,0,133,522,0,0,6,0,1,1,0,12,0,0,0,5,0,8,10,183,0,1374,0,0,2,4,438,0,0,0,0,0,0,1,26,0,0,76,0,0,0,0,0,0,0,0,0,0,0,0,65,0,0,2490,21,59,167,0,0,0,0,0,1687,0,0,0,1115,0,0,162,228,235,241,276,230,317,229,200,298,217
12311320.0,Sqoop (Retired),2283,243,243,0.0,0.0,set(),0,0.0,0,0.0,2011-07-22 21:31:47,2021-03-15 06:49:48,1309.5189162651484,171.37583333333333,0.006666666666666667,38153.238333333335,3448.5099590090686,2989631.6858333335,0,0,99,672,0,0,2,0,0,0,0,0,0,0,0,0,0,0,26,84,0,1060,0,0,0,0,340,0,0,0,0,0,0,0,0,0,0,0,0,0,0,0,0,0,0,0,0,0,0,0,32,0,0,1857,92,55,247,0,0,0,0,0,45,0,0,0,2238,0,0,181,208,211,130,101,137,142,222,167,205,317
12311321.0,Flume,2367,425,424,0.0,0.0,set(),0,0.0,0,0.0,2010-06-29 02:44:45,2021-12-11 19:14:43,7172.366566093978,468.0438888888889,0.010277777777777778,63476.40583333333,12751.597356995911,16976991.661944445,0,0,92,165,0,5,3,0,0,0,0,67,0,0,0,0,0,27,13,247,0,1166,0,0,6,0,559,0,0,0,0,0,0,2,11,2,0,1,0,0,0,1,0,0,0,0,0,0,0,0,118,0,0,1720,81,99,349,0,0,0,0,0,470,0,0,0,1897,0,0,145,179,165,185,136,185,229,271,204,223,232
12311420.0,Bigtop,3013,240,240,0.0,0.0,set(),0,0.0,0,0.0,2011-07-19 19:38:40,2021-12-22 10:28:26,1875.8801434524469,126.24527777777777,0.006388888888888889,53852.90305555556,5005.486580874839,5652026.872222222,0,0,129,500,0,0,7,0,0,0,0,0,0,0,0,0,0,0,39,112,0,1684,0,0,0,0,542,0,0,0,0,0,0,0,0,0,0,0,0,0,0,0,0,0,0,0,0,0,0,0,87,0,0,2367,67,171,321,0,0,0,0,0,1261,0,0,0,1744,0,8,300,279,287,271,231,202,150,209,291,296,270
12311620.0,Oozie,2737,313,312,0.0,0.0,set(),0,0.0,0,0.0,2011-07-18 23:56:22,2021-12-07 13:32:39,4474.821507124589,639.6683333333333,0.009166666666666667,86009.78805555556,11911.262481174372,12247586.465,0,0,110,326,0,0,5,0,0,0,0,0,0,0,0,0,0,0,20,95,0,1793,0,0,0,0,388,0,0,0,0,0,0,0,0,0,0,0,0,0,0,0,0,0,0,0,0,0,0,0,100,0,0,2096,107,110,324,0,0,0,0,0,2019,0,0,0,718,0,0,156,191,247,197,215,221,205,194,586,185,197
12311720.0,Kafka,8682,1910,1910,0.0,0.0,set(),0,0.0,0,0.0,2011-07-19 21:32:09,2021-12-20 18:43:03,4176.379224001126,526.4555555555555,0.0,77639.30694444444,8436.236407820066,36259324.42277778,0,0,243,1143,0,0,34,0,0,0,0,0,0,0,0,0,0,0,152,242,0,4858,0,0,0,0,2010,0,0,0,0,0,0,0,0,0,0,0,0,0,0,0,0,0,0,0,0,0,0,0,571,0,0,5755,211,892,1253,0,0,0,0,0,679,0,0,0,8003,0,0,660,659,914,748,764,778,715,700,659,769,735
12311820.0,Giraph,1062,119,119,0.0,0.0,set(),0,0.0,0,0.0,2011-08-10 23:59:46,2021-01-06 21:12:45,6113.606153222431,246.3076388888889,0.0077777777777777776,76245.37611111111,15794.534659137702,6492649.734722222,0,0,51,21,0,0,9,0,0,0,0,0,0,0,0,0,0,0,4,102,0,459,0,0,0,0,416,0,0,0,0,0,0,0,0,0,0,0,0,0,0,0,0,0,0,0,0,0,0,0,16,0,0,717,73,10,246,0,0,0,0,0,9,0,0,0,1053,0,0,83,91,89,83,74,90,89,107,92,111,94
12312020.0,Ambari,23305,566,573,0.0,0.0,set(),0,0.0,0,0.0,2011-09-22 16:11:31,2021-11-04 22:45:42,418.1229599513695,17.677777777777777,0.0033333333333333335,52815.88361111111,1956.8060662631283,9744355.581666667,0,0,4323,516,0,0,1,0,0,0,0,24,0,0,0,0,0,0,15,271,0,16655,0,0,0,111,1218,0,0,0,0,0,0,0,77,0,0,94,0,0,0,0,0,0,0,0,0,0,0,0,5045,0,0,15841,92,1707,620,0,0,0,0,0,10,0,0,0,23295,0,0,1813,1956,2075,2185,2450,2247,1779,1662,1727,1927,1809
12312121.0,Accumulo,4496,197,197,0.0,0.0,set(),0,0.0,0,0.0,2011-10-03 13:57:50,2019-08-09 15:30:10,8934.787495242685,381.5804166666667,0.0038888888888888888,82676.19777777778,17834.636609932182,40170804.57861111,0,0,393,564,0,0,20,0,0,0,0,0,0,0,0,0,0,0,72,118,0,2188,0,0,0,0,1141,0,0,0,0,0,0,0,0,0,0,0,0,0,0,0,0,0,0,0,0,0,0,0,231,0,0,2485,468,300,1012,0,0,0,0,0,0,0,0,0,4496,0,0,540,460,438,440,364,321,271,222,257,413,369
12312320.0,TomEE,2661,252,253,0.0,0.0,set(),0,0.0,0,0.0,2007-07-23 12:27:07,2021-12-29 09:41:23,2226.4172998872605,8.9275,0.001388888888888889,75584.08777777778,7268.955834472703,5924496.435,0,0,101,452,0,0,2,0,0,0,0,71,0,0,0,0,0,0,11,308,0,895,0,0,309,0,512,0,0,0,0,0,0,0,0,0,0,0,0,0,0,0,0,0,0,0,0,0,0,0,42,0,0,2244,137,24,214,0,0,0,0,0,1080,0,0,0,1581,0,0,225,120,226,338,213,215,226,218,188,241,232
12312420.0,Apache Cordova,12862,3286,3286,0.0,0.0,set(),0,0.0,0,0.0,2011-10-25 13:25:58,2018-08-15 17:30:11,4603.174074729177,416.2088888888889,0.0025,64028.44361111111,9746.215461640157,59206024.94916667,0,0,664,2068,0,0,114,0,0,0,0,0,0,0,0,0,0,0,212,387,0,7983,0,0,0,0,1434,0,0,0,0,0,0,0,0,0,0,0,0,0,0,0,0,0,0,0,0,0,0,0,536,0,0,9088,254,340,2644,0,0,0,0,0,12722,0,0,0,140,0,0,999,1080,1146,1245,1164,1188,1159,941,989,1149,994
12312720.0,Openmeetings,2628,579,579,0.0,0.0,set(),0,0.0,0,0.0,2011-12-05 12:58:31,2021-11-26 16:11:47,2163.4597419879924,56.67486111111111,0.010833333333333334,64388.00833333333,6995.054949619871,5685572.201944444,0,0,138,78,0,0,49,0,0,0,0,0,0,0,0,0,0,0,71,74,0,1763,0,0,0,0,455,0,0,0,0,0,0,0,0,0,0,0,0,0,0,0,0,0,0,0,0,0,0,0,230,0,0,1740,66,112,480,0,0,0,0,0,2383,0,0,0,245,0,0,175,236,290,393,246,156,202,175,213,179,182
12312820.0,DeltaSpike,1331,202,207,0.0,0.0,set(),0,0.0,0,0.0,2011-12-12 22:15:06,2020-03-25 16:44:55,2211.154238041573,96.84361111111112,0.0022222222222222222,76344.02388888889,6891.483080849575,2943046.2908333335,0,0,241,92,0,0,11,0,0,0,0,0,0,0,0,0,0,0,7,179,0,451,0,0,0,0,350,0,0,0,0,0,0,0,0,0,0,0,0,0,0,0,0,0,0,0,0,0,0,0,21,0,0,1096,18,13,183,0,0,0,0,0,1234,0,0,0,97,0,0,98,104,136,144,125,144,119,73,64,95,95
12313120.0,Syncope,1624,117,117,0.0,0.0,set(),0,0.0,0,0.0,2012-02-21 14:26:29,2021-11-29 09:27:39,1557.411814449918,53.91013888888889,0.008055555555555555,78120.27,6207.55312618462,2529236.7866666666,0,0,76,111,0,0,6,0,0,0,0,0,0,0,0,0,0,0,1,93,0,840,0,0,0,0,497,0,0,0,0,0,0,0,0,0,0,0,0,0,0,0,0,0,0,0,0,0,0,0,23,0,0,1289,37,3,272,0,0,0,0,0,1550,0,0,0,74,0,0,121,130,167,126,150,123,180,105,132,146,124
12313221.0,Jackrabbit Oak,8810,219,219,0.0,0.0,set(),0,0.0,0,0.0,2012-03-06 12:48:50,2022-01-03 13:00:49,1427.966701664775,52.35416666666667,0.0033333333333333335,60962.121666666666,4129.432139963201,12580386.641666668,0,0,964,423,0,0,34,0,0,0,0,74,0,0,0,0,0,0,120,310,0,3489,0,0,0,610,2744,0,0,0,0,0,0,0,30,0,0,12,0,0,0,0,0,0,0,0,0,0,0,0,182,0,0,5502,249,201,2676,0,0,0,0,0,7689,0,0,0,1121,0,0,713,801,838,858,676,639,656,653,791,783,770
12313521.0,Apache Flex,31564,434,430,0.0,0.0,set(),0,0.0,0,0.0,2005-01-03 00:18:41,2021-11-23 11:45:31,6261.3003307477575,1770.7727777777777,0.0030555555555555557,76601.11027777777,7967.069640439691,197631683.63972223,0,0,1314,258,0,0,5,0,0,0,0,4,0,0,0,0,0,6,2,379,0,27546,0,0,1,0,2047,0,0,0,0,0,0,1,0,0,0,1,0,0,0,0,0,0,0,0,0,0,0,0,2139,0,0,14220,599,2119,12487,0,0,0,0,0,29584,0,0,0,1980,0,0,2328,2672,3020,2522,2736,2491,2082,3198,3254,2665,2673
12313523.0,XWork,1007,252,251,0.0,0.0,set(),0,0.0,0,0.0,2003-02-19 22:31:11,2010-11-02 20:00:31,2140.5295321637427,366.24111111111114,0.0025,40033.47222222222,4456.029005188802,2155513.238888889,0,0,36,0,0,0,0,0,0,0,0,0,0,0,0,0,0,0,0,127,0,493,0,0,0,0,351,0,0,0,0,0,0,0,0,0,0,0,0,0,0,0,0,0,0,0,0,0,0,0,66,0,0,656,50,39,196,0,0,0,0,0,637,0,0,0,370,0,0,71,96,129,87,75,63,74,71,92,70,106
12313720.0,Qpid Proton,2108,216,216,0.0,0.0,set(),0,0.0,0,0.0,2012-08-14 14:25:15,2021-12-20 18:34:03,3699.5012890048492,236.06069444444444,0.008611111111111111,71442.805,8607.92688075702,7798548.717222222,0,0,103,22,0,0,15,0,0,0,0,0,0,0,0,0,0,0,46,84,0,1300,0,0,0,0,538,0,0,0,0,0,0,0,0,0,0,0,0,0,0,0,0,0,0,0,0,0,0,0,48,0,0,1635,48,94,283,0,0,0,0,0,2012,0,0,0,96,0,0,161,156,156,146,161,176,156,182,191,246,248
12313722.0,Hadoop YARN,7806,742,742,0.0,0.0,set(),0,0.0,0,0.0,2009-05-26 09:38:16,2021-12-18 12:35:26,2873.342806352663,424.6723611111111,0.003611111111111111,71446.82472222223,6170.26975484161,22429313.94638889,0,0,114,2798,0,0,8,0,0,0,0,0,0,0,0,0,0,0,160,120,0,3495,0,0,0,0,1111,0,0,0,0,0,0,0,0,0,0,0,0,0,0,0,0,0,0,0,0,0,0,0,623,0,0,5561,262,423,937,0,0,0,0,0,1770,0,0,0,6036,0,0,684,618,675,640,714,579,686,736,622,714,610
12313820.0,Apache Drill,5378,433,433,0.0,0.0,set(),0,0.0,0,0.0,2012-09-05 16:34:55,2021-12-25 15:54:24,2817.7344341659436,470.7734722222222,0.004166666666666667,66416.33777777778,6719.280997036954,15153775.786944445,0,0,262,239,0,0,8,0,0,0,0,0,0,0,0,0,0,0,22,235,0,3732,0,0,0,0,880,0,0,0,0,0,0,0,0,0,0,0,0,0,0,0,0,0,0,0,0,0,0,0,451,0,0,3994,51,210,672,0,0,0,0,0,1854,0,0,0,3524,0,0,394,437,598,510,646,498,395,354,341,413,423
12314222.0,Batik,904,418,418,0.0,0.0,set(),0,0.0,0,0.0,2001-01-22 14:46:21,2021-08-24 08:27:52,14255.111967797442,12598.662222222221,-8.950833333333334,81918.3788888889,12859.288742358893,12886621.218888888,0,0,4,0,0,0,4,0,0,0,0,0,0,0,0,0,0,0,1,1,0,838,0,0,0,0,56,0,0,0,0,0,0,0,0,0,0,0,0,0,0,0,0,792,0,0,0,0,0,0,7,0,0,77,0,12,16,0,0,0,0,0,76,0,0,0,828,0,0,53,72,70,91,87,75,73,75,82,63,95
12314223.0,FOP,2483,1251,1251,0.0,0.0,set(),0,0.0,0,0.0,2001-02-01 01:45:33,2021-12-07 08:16:55,44768.758100080544,46966.276666666665,0.010277777777777778,144227.01583333334,34873.43317967769,111160826.3625,0,0,8,0,0,0,7,0,0,0,0,0,0,0,0,0,0,0,5,20,0,2266,0,0,0,0,177,0,0,0,0,0,0,0,0,0,0,0,0,0,0,0,0,1905,0,0,0,0,0,0,19,0,0,479,4,18,58,0,0,0,0,0,1897,0,0,0,586,0,0,196,208,229,202,170,192,200,204,221,225,258
12314422.0,Apache Open Climate Workbench (Retired),857,28,28,0.0,0.0,set(),0,0.0,0,0.0,2013-04-28 16:00:49,2020-01-28 06:08:53,1744.541908466226,109.75888888888889,0.014166666666666666,39177.84527777778,5116.098174451407,1495072.4155555556,0,0,81,133,0,0,3,0,0,0,0,4,0,0,0,0,0,0,3,61,0,269,0,0,0,0,301,0,0,0,0,0,0,0,1,0,0,1,0,0,0,0,0,0,0,0,0,0,0,0,41,0,0,679,39,33,65,0,0,0,0,0,89,0,0,0,768,0,0,55,72,64,45,123,156,105,78,68,57,28
12314424.0,Tajo (Retired),1807,54,54,0.0,0.0,set(),0,0.0,0,0.0,2013-03-21 09:21:59,2018-07-13 01:34:05,1355.0443273073847,164.53694444444446,0.03944444444444444,30025.330555555556,3291.0014153241923,2448565.0994444443,0,0,170,273,0,0,6,0,0,0,0,0,0,0,0,0,0,0,4,98,0,766,0,0,0,0,490,0,0,0,0,0,0,0,0,0,0,0,0,0,0,0,0,0,0,0,0,0,0,0,93,0,0,1087,193,42,392,0,0,0,0,0,21,0,0,0,1785,0,1,165,105,209,177,114,61,157,125,204,162,139
12314426.0,Apache Tez,3259,193,193,0.0,0.0,set(),0,0.0,0,0.0,2013-03-25 14:31:14,2021-12-26 21:01:35,1894.8724044526268,124.89694444444444,0.005555555555555556,70244.46,6407.0396414337,6175389.166111111,0,0,204,706,0,0,6,0,0,0,0,0,0,0,0,0,0,0,12,31,0,1855,0,0,0,0,445,0,0,0,0,0,0,0,0,0,0,0,0,0,0,0,0,0,0,0,0,0,0,0,161,0,0,2672,67,194,165,0,0,0,0,0,2415,0,0,0,844,0,0,249,321,224,355,317,272,267,303,318,247,187
12314427.0,Apache Knox,2398,204,206,0.0,0.0,set(),0,0.0,0,0.0,2013-03-25 12:59:18,2021-12-11 21:04:35,1820.6709890186264,70.59236111111112,0.004166666666666667,48691.10166666667,5566.391609998529,4365969.031666666,0,0,116,526,0,0,5,0,0,0,0,0,0,0,0,0,0,0,46,144,0,1075,0,0,0,0,486,0,0,0,0,0,0,0,0,0,0,0,0,0,0,0,0,0,0,0,0,0,0,0,92,0,0,1614,207,62,423,0,0,0,0,0,1704,0,0,0,694,0,0,161,210,255,213,150,156,171,141,269,190,268
12314429.0,Falcon,1805,98,98,0.0,0.0,set(),0,0.0,0,0.0,2013-04-29 06:26:31,2018-07-27 09:12:09,1312.8781883656509,203.52,0.01138888888888889,23437.943888888887,2748.5232358903772,2369745.13,0,0,66,472,0,0,2,0,0,0,0,0,0,0,0,0,0,0,28,53,0,949,0,0,0,0,235,0,0,0,0,0,0,0,0,0,0,0,0,0,0,0,0,0,0,0,0,0,0,0,75,0,0,1527,26,77,100,0,0,0,0,0,289,1,0,0,1515,0,0,137,114,133,114,158,138,170,170,199,152,179
12314430.0,jclouds,1124,291,291,0.0,0.0,set(),0,0.0,0,0.0,2013-05-08 01:03:10,2021-12-22 15:53:17,3490.3575926749704,286.8073611111111,0.0044444444444444444,64435.89083333333,8423.713932717621,3923161.9341666666,0,0,52,71,0,0,2,0,0,0,0,0,0,0,0,0,0,0,3,123,0,591,0,0,0,0,282,0,0,0,0,0,0,0,0,0,0,0,0,0,0,0,0,0,0,0,0,0,0,0,31,0,0,886,18,22,167,0,0,0,0,0,224,0,0,0,900,0,0,71,62,85,81,156,118,104,115,99,100,77
12314520.0,Olingo,1247,266,265,0.0,0.0,set(),0,0.0,0,0.0,2013-07-23 10:40:05,2021-09-17 06:04:45,1515.7980486500937,198.12222222222223,0.011111111111111112,34753.019166666665,3700.5399783005646,1890200.1666666667,0,0,90,77,0,0,19,0,0,0,0,0,0,0,0,0,0,74,13,153,0,644,0,0,0,0,177,0,0,0,0,0,0,0,0,0,0,0,0,0,0,0,0,0,0,0,0,0,0,0,69,0,0,896,17,49,216,0,0,0,0,0,1030,0,0,0,217,0,0,96,125,119,109,109,92,111,104,97,104,90
12314521.0,Stratos,1379,61,61,0.0,0.0,set(),0,0.0,0,0.0,2013-07-25 09:24:19,2016-07-25 07:47:01,1646.0252020385142,173.6586111111111,0.005555555555555556,17085.354166666668,3107.1503270933044,2269868.753611111,0,0,136,209,0,0,1,0,0,0,0,0,0,0,0,0,0,0,4,70,0,645,0,0,0,0,314,0,0,0,0,0,0,0,0,0,0,0,0,0,0,0,0,0,0,0,0,0,0,0,71,0,0,1057,11,68,172,0,0,0,0,0,142,0,0,0,1237,0,0,172,127,122,104,72,54,48,123,132,134,178
12314526.0,Samza,1827,165,165,0.0,0.0,set(),0,0.0,0,0.0,2013-08-05 21:47:06,2021-12-14 18:31:54,1623.2591523748708,362.31555555555553,0.013888888888888888,59140.13555555556,3323.3678760087373,2965694.471388889,0,0,111,151,0,0,12,0,0,0,0,0,0,0,0,0,0,0,11,126,0,1020,0,0,0,0,396,0,0,0,0,0,0,0,0,0,0,0,0,0,0,0,0,0,0,0,0,0,0,0,12,0,0,1582,44,31,158,0,0,0,0,0,256,0,0,0,1570,0,1,140,132,220,211,177,130,114,165,148,128,152
12314720.0,Sentry (Retired),1951,97,97,0.0,0.0,set(),0,0.0,0,0.0,2013-08-29 23:04:31,2020-09-17 15:24:50,1597.3120861096872,280.945,0.004166666666666667,35221.9225,3445.5893220584935,3116355.88,0,0,74,665,0,0,0,0,0,0,0,0,0,0,0,0,0,0,51,57,0,824,0,0,0,0,280,0,0,0,0,0,0,0,0,0,0,0,0,0,0,0,0,0,0,0,0,0,0,0,62,0,0,1663,28,54,144,0,0,0,0,0,29,0,0,0,1922,0,0,126,129,184,147,196,221,184,138,205,162,149
12314820.0,Apache Storm,2668,469,470,0.0,0.0,set(),0,0.0,0,0.0,2013-12-06 20:56:27,2022-01-03 20:30:25,2140.3755243211726,307.43125,0.006666666666666667,41909.8275,4527.334577781757,5710521.898888889,0,0,54,107,0,2,2,0,0,0,0,71,1,0,0,0,0,17,13,213,2,1349,0,0,35,0,776,0,0,0,0,0,0,1,8,0,0,16,0,0,0,1,0,0,0,0,0,0,0,0,145,0,0,1613,124,104,682,0,0,0,0,0,461,0,0,0,2207,0,0,206,252,226,229,172,252,227,220,199,191,264
12314922.0,Aurora,1578,119,119,0.0,0.0,set(),0,0.0,0,0.0,2013-10-22 01:55:18,2019-09-08 21:28:20,2633.8261125193635,525.0493055555555,0.005,30909.789722222224,4398.131482872895,4156177.6055555553,0,0,607,18,0,0,0,0,0,0,0,0,0,0,0,0,0,0,0,0,0,552,0,0,0,0,0,0,0,0,0,0,0,0,34,0,0,367,0,0,0,0,0,0,0,0,0,0,0,0,81,0,0,1022,54,92,329,0,0,0,0,0,67,0,0,0,1511,0,0,250,151,153,137,152,108,108,80,126,155,75
12314923.0,Usergrid (Retired),865,39,39,0.0,0.0,set(),0,0.0,0,0.0,2013-11-18 14:41:59,2019-05-26 21:36:31,2058.0691429030185,418.6191666666667,0.0,27629.371944444443,3592.278482024882,1780229.808611111,0,0,0,0,0,0,2,0,0,0,0,0,0,0,0,0,0,0,0,0,0,247,0,0,0,22,44,0,0,0,0,0,0,0,9,0,0,541,0,0,0,0,0,0,0,0,0,0,0,0,39,0,0,686,5,37,98,0,0,0,0,0,779,54,0,0,32,0,0,123,74,89,99,100,81,71,43,44,41,51
12315120.0,Phoenix,5012,536,625,0.0,0.0,set(),0,0.0,0,0.0,2014-01-11 23:14:04,2022-01-04 18:27:15,1724.298360102421,147.70499999999998,0.0019444444444444444,63350.28722222222,4444.868706677024,8642183.380833333,0,0,868,560,0,0,19,0,0,0,0,0,0,0,0,0,0,0,133,124,0,2677,0,0,0,0,631,0,0,0,0,0,0,0,0,0,0,0,0,0,0,0,0,647,0,0,0,0,0,0,170,0,0,3415,80,235,465,0,0,0,0,0,1728,0,0,0,3284,0,0,333,357,1078,375,342,336,347,360,412,362,380
12315321.0,Qpid Dispatch,1954,66,65,0.0,0.0,set(),0,0.0,0,0.0,2013-02-28 22:08:15,2021-12-22 15:40:43,1566.7111406800864,161.98486111111112,0.0038888888888888888,47106.53833333333,4525.010273812652,3061353.5688888887,0,0,41,18,0,0,4,0,0,0,0,0,0,0,0,0,0,0,124,84,0,1193,0,0,0,0,490,0,0,0,0,0,0,0,0,0,0,0,0,0,0,0,0,0,0,0,0,0,0,0,30,0,0,1597,44,74,209,0,0,0,0,0,1871,0,0,0,83,0,0,169,130,148,206,204,182,136,117,143,174,191
12315420.0,Spark,35034,5884,6017,0.0,0.0,set(),0,0.0,0,0.0,2012-10-19 21:28:15,2022-01-05 09:48:48,3772.2087432324392,190.47583333333333,0.0019444444444444444,76943.02666666667,8201.150683946995,131065392.7836111,0,0,396,5890,0,209,114,4,3,0,0,654,0,0,0,0,0,397,600,1822,0,14435,0,0,45,3,10274,0,0,1,0,0,0,46,23,1,15,88,0,0,0,14,0,282,0,0,0,0,0,0,1542,0,0,21700,1443,1337,8730,0,0,0,0,0,2843,0,0,0,32191,0,0,2567,2451,3052,3113,3022,3118,3261,3279,2656,2717,2936
12315422.0,Slider,963,55,56,0.0,0.0,set(),0,0.0,0,0.0,2014-05-03 03:14:27,2018-03-19 11:11:46,750.5976482635284,100.2775,0.0030555555555555557,21651.401388888888,1799.0547275479328,722825.5352777778,0,0,65,204,0,8,1,0,0,0,0,8,0,0,0,0,0,1,11,40,0,502,0,0,0,0,123,0,0,0,0,0,0,0,0,0,0,0,0,0,0,0,0,0,0,0,0,0,0,0,36,0,0,777,14,31,105,0,0,0,0,0,9,0,0,0,954,0,0,47,52,40,30,127,84,86,124,93,128,101
12315521.0,Parquet,1601,332,332,0.0,0.0,set(),0,0.0,0,0.0,2014-06-14 03:54:40,2021-12-07 09:57:54,2360.233546568117,272.84305555555557,0.003611111111111111,58617.46638888889,5746.435143554359,3778733.9080555555,0,0,93,51,0,0,8,0,0,0,0,0,0,0,0,0,0,0,19,125,0,709,0,0,0,0,596,0,0,0,0,0,0,0,0,0,0,0,0,0,0,0,0,0,0,0,0,0,0,0,21,0,0,1242,57,35,246,0,0,0,0,0,62,0,0,0,1539,0,0,189,193,130,138,147,127,119,120,141,105,77
12315522.0,Flink,21398,1903,1898,0.0,0.0,set(),0,0.0,0,0.0,2014-06-08 16:28:31,2022-01-04 10:21:22,2751.5492122186915,297.38222222222225,0.0002777777777777778,57669.61111111111,6327.203378214345,58877650.04305556,0,0,0,4634,0,0,0,0,0,0,0,0,0,0,0,0,0,0,0,1153,0,8847,0,0,0,0,6650,0,0,0,0,0,0,0,0,0,0,0,114,0,0,0,0,0,0,0,0,0,0,0,1822,0,0,14093,0,1705,3710,0,68,0,0,0,17382,0,0,0,4016,0,0,1539,1762,1953,1699,1735,2652,1811,1787,1539,1615,1838
12315524.0,Calcite,3563,477,480,0.0,0.0,set(),0,0.0,0,0.0,2014-06-18 07:33:31,2022-01-04 11:45:15,1680.4431318021643,163.9736111111111,0.0019444444444444444,50569.745,4933.302455099263,5987418.878611111,0,0,165,159,0,0,37,0,0,0,0,0,0,0,0,0,0,0,25,90,0,2291,0,0,0,0,796,0,0,0,0,0,0,0,0,0,0,0,0,0,0,0,0,0,0,0,0,0,0,0,73,0,0,2983,70,46,391,0,0,0,0,0,3530,0,0,0,33,0,0,246,247,308,279,254,483,253,321,315,293,276
12315621.0,Ranger,3053,246,252,0.0,0.0,set(),0,0.0,0,0.0,2014-07-28 22:35:53,2022-01-04 05:52:27,1116.9633630854896,139.50444444444443,0.0025,47425.77722222222,3863.4043412076057,3410089.1475,0,0,77,119,0,0,6,0,0,0,0,0,0,0,0,0,0,0,33,101,0,2081,0,0,0,0,636,0,0,0,0,0,0,0,0,0,0,0,0,0,0,0,0,0,0,0,0,0,0,0,140,0,0,2399,69,39,406,0,0,0,0,0,159,0,0,0,2894,0,0,189,206,316,317,282,254,226,232,308,272,239
12315820.0,REEF,1606,60,60,0.0,0.0,set(),0,0.0,0,0.0,2014-09-02 16:57:54,2020-08-07 02:00:05,1271.5178563027537,175.29416666666668,0.006944444444444444,33244.68361111111,3116.81747708829,2042057.6772222223,0,0,234,535,0,0,2,0,0,0,0,0,0,0,0,0,0,0,20,41,0,415,0,0,0,0,359,0,0,0,0,0,0,0,0,0,0,0,0,0,0,0,0,0,0,0,0,0,0,0,22,0,0,1030,148,51,355,0,0,0,0,0,255,0,0,0,1351,0,0,116,113,130,137,87,133,121,193,154,149,167
12315920.0,ActiveMQ Artemis,3202,469,469,0.0,0.0,set(),0,0.0,0,0.0,2014-10-23 14:22:56,2021-12-21 05:23:45,2582.1503837879104,426.7706944444444,0.0019444444444444444,60133.23611111111,6717.88951466907,8268045.528888889,0,0,204,64,0,0,10,0,0,0,0,0,0,0,0,0,0,0,44,221,0,1957,0,0,33,0,669,0,0,0,0,0,0,0,0,0,0,0,0,0,0,0,0,0,0,0,0,0,0,0,129,0,0,2493,69,72,439,0,0,0,0,0,2532,0,0,0,670,0,0,240,259,292,278,267,318,237,284,278,305,250
12315922.0,Ignite,11949,444,446,0.0,0.0,set(),0,0.0,0,0.0,2014-11-14 17:46:23,2022-01-02 12:51:31,2489.7447968914184,354.33694444444444,0.0030555555555555557,55444.163611111115,5624.221866841554,29749960.578055557,0,0,2500,1331,0,0,32,0,0,0,0,0,0,0,0,0,0,0,251,387,0,5137,0,0,0,0,2311,0,0,0,0,0,0,0,0,0,0,0,0,0,0,0,0,0,0,0,0,0,0,0,1152,0,0,8893,193,639,1072,0,0,0,0,0,4838,0,0,0,7097,0,14,862,1058,1051,1073,818,883,856,1016,1035,1070,1099
12315923.0,Apache Lens (Retired),1085,47,47,0.0,0.0,set(),0,0.0,0,0.0,2014-11-12 04:01:10,2019-01-25 07:07:15,970.8877068612392,172.6013888888889,0.0325,14904.200277777778,1930.4106203450444,1053413.1619444445,0,0,87,178,0,0,9,0,0,0,0,0,0,0,0,0,0,0,14,34,0,491,0,0,0,0,272,0,0,0,0,0,0,0,0,0,0,0,0,0,0,0,0,0,0,0,0,0,0,0,69,0,0,908,17,16,75,0,0,0,0,0,828,0,1,0,255,0,1,96,125,106,72,83,89,77,107,62,58,103
12316020.0,Apache NiFi,6526,956,958,0.0,0.0,set(),0,0.0,0,0.0,2014-12-05 18:48:19,2022-01-05 15:18:02,2163.094478581401,224.38861111111112,0.0019444444444444444,56611.65111111111,5548.037817410684,14116354.567222223,0,0,345,381,0,0,36,0,0,0,0,0,0,0,0,0,0,0,38,366,0,3147,0,0,0,0,2212,0,0,0,0,0,0,0,1,0,0,0,0,0,0,0,0,0,0,0,0,0,0,0,331,0,0,3817,367,269,1742,0,0,0,0,0,134,0,2,0,6388,0,2,508,483,527,506,560,614,606,673,468,509,492
12316121.0,Kylin,4370,587,587,0.0,0.0,set(),0,0.0,0,0.0,2014-12-21 12:23:32,2021-12-21 09:45:05,3636.319827231121,503.2293055555556,0.0002777777777777778,47154.104166666664,8242.16293820623,15890717.645,0,0,135,244,0,0,74,0,0,0,0,0,0,0,0,0,0,0,47,222,0,2209,0,0,0,0,1439,0,0,0,0,0,0,0,0,0,0,0,0,0,0,0,0,1,0,0,0,0,0,0,102,0,0,3279,58,64,866,0,0,0,0,0,3967,0,0,0,403,0,0,795,280,360,347,336,296,342,291,353,277,348
12316221.0,Zeppelin,3392,762,762,0.0,0.0,set(),0,0.0,0,0.0,2015-03-17 14:51:13,2022-01-05 00:35:42,1199.5599140952568,196.00680555555556,0.006388888888888889,52776.626388888886,3156.470736707936,4068907.228611111,0,0,77,313,0,0,21,0,0,0,0,0,0,0,0,0,0,0,35,202,0,1695,0,0,0,0,1049,0,0,0,0,0,0,0,0,0,0,0,0,0,0,0,0,0,0,0,0,0,0,0,125,0,0,2530,98,83,556,0,0,0,0,0,1323,0,0,0,2069,0,0,301,274,290,271,257,345,363,291,259,211,273
12316420.0,Apache AsterixDB,2122,51,60,0.0,0.0,set(),0,0.0,0,0.0,2011-01-27 15:30:50,2021-12-16 01:26:08,10928.467254686355,5791.295972222222,0.0033333333333333335,52137.02333333333,11459.797405580472,23190207.514444444,0,0,67,2,0,0,4,0,0,0,0,0,0,0,0,0,0,0,11,14,0,1750,0,0,0,0,274,0,0,0,0,0,0,0,0,0,0,0,0,0,0,0,0,797,0,0,0,0,0,0,104,0,0,969,14,27,211,0,0,0,0,0,1230,0,0,0,892,0,0,115,148,224,290,213,177,208,184,117,148,174
12316520.0,TinkerPop,2500,332,332,0.0,0.0,set(),0,0.0,0,0.0,2013-10-16 16:48:27,2021-12-23 21:23:35,3446.418437111111,1169.0822222222223,0.017777777777777778,51615.70138888889,5517.902426642058,8616046.092777777,0,0,2,0,0,0,1,0,0,0,0,0,0,0,0,0,0,0,4,3,0,717,0,0,0,0,1773,0,0,0,0,0,0,0,0,0,0,0,0,0,0,0,0,49,0,0,0,0,0,0,130,0,0,1704,64,19,534,0,0,0,0,0,2499,0,0,0,1,0,0,216,199,171,157,158,155,164,225,252,346,272
12316920.0,Archiva,1788,410,409,0.0,0.0,set(),0,0.0,0,0.0,2004-07-22 12:12:27,2021-12-18 11:34:29,8252.211339951527,814.05,0.0025,93347.89777777778,16675.904339407516,14754953.875833333,0,1,151,68,0,0,13,0,0,1,0,0,0,0,0,1,0,7,13,98,0,1083,0,0,2,0,350,0,0,0,0,0,0,0,0,0,0,0,0,0,0,0,0,0,0,0,0,0,0,0,122,0,0,1353,45,54,214,0,0,0,0,0,1738,0,0,0,50,0,0,123,172,162,106,178,105,124,153,175,168,178
12316921.0,Continuum,2312,498,497,0.0,0.0,set(),0,0.0,0,0.0,2004-07-11 16:21:32,2015-05-13 00:58:01,4419.696342512496,622.1669444444444,0.0022222222222222222,76886.34805555556,8869.5529130356,10218337.94388889,0,0,155,43,0,0,35,0,0,0,0,0,0,0,0,0,0,0,23,178,0,1356,0,0,0,0,522,0,0,0,0,0,0,0,0,0,0,0,0,0,0,0,0,0,0,0,0,0,0,0,102,0,0,1692,84,78,356,0,0,0,0,0,2311,0,0,0,1,0,0,150,186,193,196,190,127,199,206,255,232,205
12316922.0,Maven,5589,1906,1907,0.0,0.0,set(),0,0.0,0,0.0,2003-11-13 06:42:31,2021-12-29 10:59:27,9745.387955259339,1075.3991666666666,0.0030555555555555557,133294.65694444443,17358.59486016125,54466973.281944446,0,0,434,98,0,0,99,0,0,0,0,0,0,0,0,0,0,0,12,394,0,3258,0,0,68,0,1226,0,0,0,0,0,0,0,0,0,0,0,0,0,0,0,0,10,0,0,0,0,0,0,292,0,0,3855,200,284,948,0,0,0,0,0,5579,0,0,0,10,0,0,480,405,478,500,421,443,484,483,464,480,533
12317220.0,Maven Assembly Plugin,864,517,517,0.0,0.0,set(),0,0.0,0,0.0,2005-06-08 00:57:18,2021-03-03 08:23:01,13280.203962191357,3915.7006944444447,0.003611111111111111,108187.99555555555,18891.414612162105,11474096.223333333,0,0,28,1,0,0,9,0,0,0,0,0,0,0,0,0,0,0,1,53,0,586,0,0,17,0,169,0,0,0,0,0,0,0,0,0,0,0,0,0,0,0,0,0,0,0,0,0,0,0,58,0,0,588,25,44,149,0,0,0,0,0,864,0,0,0,0,0,0,97,57,75,76,80,73,60,58,56,82,74
12317824.0,Maven Release Plugin,948,559,558,0.0,0.0,set(),0,0.0,0,0.0,2005-09-07 08:44:18,2022-01-01 16:17:14,20333.36317217534,8496.479722222222,0.014444444444444444,119060.785,24729.244979808595,19276028.28722222,0,0,24,2,0,0,14,0,0,0,0,0,0,0,0,0,0,0,0,73,0,662,0,0,8,0,165,0,0,0,0,0,0,0,0,0,0,0,0,0,0,0,0,0,0,0,0,0,0,0,60,0,0,709,13,54,112,0,0,0,0,0,948,0,0,0,0,0,0,85,74,77,85,101,79,68,72,90,58,87
12317828.0,Maven SCM,923,425,425,0.0,0.0,set(),0,0.0,0,0.0,2004-04-21 09:01:36,2022-01-03 13:48:57,15030.740402070543,1466.7766666666666,0.0025,107074.97555555556,23999.465395873765,13873373.391111111,0,0,53,15,0,0,8,0,0,0,0,0,0,0,0,0,0,0,6,96,0,530,0,0,11,0,204,0,0,0,0,0,0,0,0,0,0,0,0,0,0,0,0,0,0,0,0,0,0,0,37,0,0,717,20,32,117,0,0,0,0,0,923,0,0,0,0,0,0,94,74,64,87,90,71,53,68,87,52,90
12317922.0,Maven Shared Components,933,204,202,0.0,0.0,set(),0,0.0,0,0.0,2005-08-19 00:01:10,2022-01-02 11:16:56,5920.789416755985,13.9475,0.005,119313.71722222223,14446.28512083322,5524096.525833334,0,0,79,1,0,0,9,0,0,0,0,0,0,0,0,0,0,0,2,54,0,285,0,0,125,0,378,0,0,0,0,0,0,0,0,0,0,0,0,0,0,0,0,0,0,0,0,0,0,0,45,0,0,521,31,34,302,0,0,0,0,0,932,0,0,0,1,0,0,75,57,91,64,93,94,56,76,74,89,73
12317927.0,Maven Surefire,1694,882,881,0.0,0.0,set(),0,0.0,0,0.0,2004-08-31 17:29:31,2021-12-31 19:17:48,6556.174401974288,462.17069444444445,0.003611111111111111,116020.80833333333,13693.715035693744,11106159.436944444,0,0,86,13,0,0,30,0,0,0,0,0,0,0,0,0,0,0,14,104,0,1101,0,0,22,0,324,0,0,0,0,0,0,0,0,0,0,0,0,0,0,0,0,0,0,0,0,0,0,0,82,0,0,1285,35,70,222,0,0,0,0,0,1693,0,0,0,1,0,0,155,149,155,144,127,111,130,121,123,132,184
12318123.0,Groovy,8898,2259,2259,0.0,0.0,set(),0,0.0,0,0.0,2003-09-25 17:39:46,2021-12-29 03:04:05,6140.51834806823,284.3261111111111,0.0016666666666666668,129719.93333333333,13911.88763561017,54638332.26111111,0,0,176,161,0,0,97,1,0,0,0,35,1,0,0,1,0,15,13,477,0,5975,0,0,347,0,1591,0,0,0,0,2,0,1,2,0,0,1,1,0,0,1,0,3,0,0,0,0,0,0,431,0,0,6132,160,266,1906,0,0,0,0,0,8502,0,0,0,396,0,0,790,722,814,772,793,729,784,650,690,739,679
12318320.0,ORC,848,115,117,0.0,0.0,set(),0,0.0,0,0.0,2013-03-25 17:14:48,2022-01-05 05:36:10,1378.723806014151,88.19388888888889,0.0125,56380.948333333334,4515.055101379643,1169157.7875,0,0,33,141,0,0,3,0,0,0,0,0,0,0,0,0,0,0,31,27,0,355,0,0,0,0,258,0,0,0,0,0,0,0,0,0,0,0,0,0,0,0,0,0,0,0,0,0,0,0,19,0,0,648,23,22,136,0,0,0,0,0,702,0,0,0,146,0,0,75,41,61,64,66,71,95,125,62,80,49
12318322.0,Apache Taverna,189,21,22,0.0,0.0,set(),0,0.0,0,0.0,2008-04-14 10:01:38,2019-01-17 23:07:20,7168.785371840094,1466.5413888888888,0.0016666666666666668,71246.3725,12981.554574531201,1354900.4352777777,0,0,33,64,0,0,0,0,0,0,0,0,0,0,0,0,0,0,0,26,0,63,0,0,0,0,0,0,0,0,0,0,0,0,0,0,0,3,0,0,0,0,0,0,0,0,0,0,0,0,10,0,0,132,3,16,28,0,0,0,0,189,0,0,0,0,0,0,0,14,43,24,10,23,38,21,9,1,4,2
12318420.0,Geode,8052,216,216,0.0,0.0,set(),0,0.0,0,0.0,2015-05-05 23:33:07,2021-12-19 22:22:53,2512.1502527322405,342.42347222222224,0.0,47715.817777777775,5282.903663208128,20227833.835,0,0,382,873,0,0,114,0,0,0,0,0,0,0,0,0,0,0,300,302,0,4350,0,0,0,0,1731,0,0,0,0,0,0,0,0,0,0,0,0,0,0,0,0,0,0,0,0,0,0,0,29,0,0,7522,86,16,399,0,0,0,0,0,6679,1,0,0,1348,0,24,762,659,727,675,668,597,703,687,620,834,575
12318521.0,Atlas,3674,346,347,0.0,0.0,set(),0,0.0,0,0.0,2015-05-22 00:51:17,2021-12-16 07:32:32,3693.14405870078,191.5509722222222,0.01,45558.573333333334,9427.129635742105,13568611.271666666,0,0,195,293,0,0,9,0,0,0,0,0,0,0,0,0,0,0,6,149,0,2241,0,0,0,0,781,0,0,0,0,0,0,0,0,0,0,0,0,0,0,0,0,0,0,0,0,0,0,0,216,0,0,2975,45,143,295,0,0,0,0,0,118,0,0,0,3556,0,0,274,299,344,377,360,321,318,308,259,302,286
12318620.0,Apache Trafodion (Retired),2528,75,110,0.0,0.0,set(),0,0.0,0,0.0,2015-06-20 02:57:06,2020-03-20 20:15:55,1789.7813343881855,945.7873611111111,0.03166666666666667,27386.91083333333,3067.639559268912,4524567.213333333,0,0,13,214,0,5,14,0,0,0,0,91,0,0,0,0,0,0,1,112,0,1846,0,0,2,0,228,0,0,0,0,0,0,2,0,0,0,0,0,0,0,0,0,0,0,0,0,0,0,0,666,0,0,1383,8,203,268,0,0,0,0,0,2434,0,0,0,94,0,0,132,99,118,84,83,98,1364,112,84,129,110
12318824.0,Apache Apex Malhar,1697,58,74,0.0,0.0,set(),0,0.0,0,0.0,2014-01-13 20:26:11,2018-08-14 09:32:41,1102.52702301447,50.87416666666667,0.0,20850.174444444445,2950.6956217558372,1870988.3580555555,0,0,755,82,0,0,0,0,0,0,0,22,0,0,0,0,0,1,2,211,0,418,0,0,2,0,182,0,0,0,0,0,0,0,0,0,0,22,0,0,0,0,0,542,0,0,0,0,0,0,21,0,0,1003,8,16,107,0,0,0,0,0,1692,0,0,0,5,0,0,666,108,141,101,90,50,92,121,103,97,73
12318826.0,Apache HAWQ,1516,103,103,0.0,0.0,set(),0,0.0,0,0.0,2015-09-19 02:33:03,2022-01-03 09:07:02,1705.8145576810318,647.9194444444445,0.006111111111111111,27242.640833333335,2220.5850916042946,2586014.8694444443,0,0,89,249,0,0,3,0,0,0,0,0,0,0,0,0,0,0,36,74,0,778,0,0,0,0,287,0,0,0,0,0,0,0,0,0,0,0,0,0,0,0,0,0,0,0,0,0,0,0,19,0,0,1381,5,17,94,0,0,0,0,0,1016,0,0,0,500,0,0,115,157,213,120,87,116,100,100,63,141,141
12318828.0,Subversion,3737,71,124,0.0,0.0,set(),0,0.0,0,0.0,2001-03-19 18:15:38,2021-05-16 14:55:12,17630.54303340469,13638.252777777778,0.013333333333333334,151726.1261111111,18362.24392224544,65885339.31583333,0,0,218,7,0,0,1,0,0,0,0,0,0,0,0,0,0,0,1,169,0,2807,0,0,0,0,534,0,0,0,0,0,0,0,0,0,0,0,0,0,0,0,0,0,0,0,0,0,0,0,434,0,0,2712,137,247,207,0,0,0,0,0,3688,0,0,0,49,0,0,300,293,303,290,316,295,365,359,282,332,315
12318920.0,Yetus,898,69,69,0.0,0.0,set(),0,0.0,0,0.0,2008-09-24 04:32:11,2021-12-24 03:18:37,3861.0856090695374,283.3815277777778,0.01638888888888889,86842.31222222222,8906.65248447532,3467254.8769444446,0,0,68,30,0,0,3,0,0,0,0,0,0,0,0,0,0,0,5,99,0,419,0,0,0,0,274,0,0,0,0,0,0,0,0,0,0,0,0,0,0,0,0,0,0,0,0,0,0,0,55,0,0,573,51,106,113,0,0,0,0,0,4,0,0,0,894,0,0,73,61,85,70,49,25,43,64,74,156,120
12318923.0,Apache MADlib,479,52,66,0.0,0.0,set(),0,0.0,0,0.0,2011-10-14 18:11:43,2022-01-05 02:39:43,6052.349697865925,982.6038888888888,0.011666666666666667,61760.09638888889,13004.249092585735,2899075.505277778,0,0,49,2,0,0,1,0,0,0,0,6,0,0,0,0,0,3,3,104,0,181,0,0,0,0,116,0,0,0,0,0,0,0,6,1,0,1,0,0,0,6,0,0,0,0,0,0,0,0,5,0,0,307,3,1,163,0,0,0,0,0,467,0,0,0,12,0,0,38,49,58,42,58,30,37,31,23,26,54
12319222.0,Eagle (Retired),819,51,51,0.0,0.0,set(),0,0.0,0,0.0,2015-11-03 02:26:59,2019-10-04 02:48:36,1543.962333469,263.88166666666666,0.009166666666666667,22776.413333333334,3182.5253299159813,1264505.151111111,0,0,54,75,0,0,0,0,0,0,0,0,0,0,0,0,0,0,9,96,0,310,0,0,0,0,275,0,0,0,0,0,0,0,0,0,0,0,0,0,0,0,0,0,0,0,0,0,0,0,27,0,0,660,19,9,104,0,0,0,0,0,369,0,0,0,450,0,0,48,62,61,72,37,43,43,91,53,112,135
12319323.0,Metron (Retired),1661,88,87,0.0,0.0,set(),0,0.0,0,0.0,2015-12-13 19:00:14,2020-09-15 22:59:49,1451.3868034651146,599.5888888888888,0.0,30959.07361111111,2665.86993139999,2410753.4805555553,0,0,81,239,0,0,4,0,0,0,0,0,0,0,0,0,0,0,4,98,0,719,0,0,0,0,516,0,0,0,0,0,0,0,0,0,0,0,0,0,0,0,0,0,0,0,0,0,0,0,16,0,0,1398,46,15,186,0,0,0,0,1656,0,0,0,0,0,5,0,102,130,131,152,166,130,166,150,160,143,138
12319420.0,Apache Fineract,876,121,121,0.0,0.0,set(),0,0.0,0,0.0,2015-12-24 07:15:03,2022-01-02 20:01:19,4097.95758529934,935.94625,0.0033333333333333335,41882.48611111111,7014.013273055562,3589810.844722222,0,0,18,71,0,0,7,0,0,0,0,0,0,0,0,0,0,0,5,42,0,502,0,0,0,0,231,0,0,0,0,0,0,0,0,0,0,0,0,0,0,0,0,0,0,0,0,0,0,0,78,0,0,575,13,87,123,0,0,0,0,0,450,0,0,0,426,0,0,68,50,89,70,122,89,51,78,25,87,51
12319522.0,SystemDS,2378,83,90,0.0,0.0,set(),0,0.0,0,0.0,2015-08-05 06:10:11,2021-12-31 13:27:32,3909.130483716475,218.44972222222222,0.003611111111111111,51969.910833333335,9804.001413430753,9295912.290277777,0,0,507,558,0,4,7,0,0,0,0,18,1,1,0,2,2,5,20,167,0,694,0,0,2,5,333,0,1,0,0,1,0,1,38,0,0,11,0,0,0,0,0,0,0,0,0,0,0,0,47,0,0,1975,15,46,295,0,0,0,0,0,1883,0,0,0,495,0,0,182,222,218,210,194,232,199,277,235,178,144
12319523.0,Kudu,2390,192,216,0.0,0.0,set(),0,0.0,0,0.0,2013-08-27 18:28:07,2021-12-24 00:06:08,5586.805218154347,1173.0411111111111,0.0025,68171.43472222223,9272.34856231412,13352464.47138889,0,0,108,178,0,0,3,0,0,0,0,0,0,0,0,0,0,0,20,100,0,1436,0,0,0,0,545,0,0,0,0,0,0,0,0,0,0,0,0,0,0,0,0,0,0,0,0,0,0,0,358,0,0,1569,40,201,222,0,0,0,2,0,61,0,0,0,2327,0,0,139,194,268,198,227,194,192,273,269,178,133
12319525.0,Apache Arrow,12866,1325,1325,0.0,0.0,set(),0,0.0,0,0.0,2016-02-16 22:43:14,2022-01-04 16:10:22,1696.6891533671865,141.08944444444444,0.0030555555555555557,39777.77916666667,4225.228290113998,21829602.64722222,0,0,666,583,0,0,145,0,0,0,0,0,0,0,0,0,0,0,94,1456,0,4463,0,0,0,0,5459,0,0,0,0,0,0,0,0,0,0,0,0,0,0,0,0,0,0,0,0,0,0,0,238,0,0,9803,323,359,2143,0,0,0,0,0,2097,0,0,0,10769,0,0,985,1014,1256,1154,980,1015,1017,1118,1183,1184,1048
12319527.0,Beam,9189,888,888,0.0,0.0,set(),0,0.0,0,0.0,2016-02-02 15:34:07,2022-01-04 19:15:10,3362.299036922165,769.1694444444445,0.004166666666666667,45166.120833333334,6091.654127591854,30896165.850277778,0,0,386,1431,0,0,45,0,0,0,0,0,0,0,0,0,0,0,205,779,0,3998,0,0,0,0,2345,0,0,0,0,0,0,0,0,0,0,0,0,0,0,0,0,1,0,2161,268,226,0,608,0,5925,0,0,0,0,0,0,0,0,0,0,0,0,0,0,9189,0,0,627,705,819,857,905,712,783,701,706,842,820
12319620.0,Guacamole,1198,645,645,0.0,0.0,set(),0,0.0,0,0.0,2016-03-29 03:34:39,2022-01-05 15:39:14,2484.7858697365978,80.98805555555555,0.0044444444444444444,43830.921944444446,5696.300651609044,2976773.4719444443,0,0,43,1,0,0,42,0,0,0,0,0,0,0,0,0,0,0,6,96,0,703,0,0,0,0,307,0,0,0,0,0,0,0,0,0,0,0,0,0,0,0,0,0,0,0,0,0,0,0,57,0,0,431,106,79,525,0,0,0,0,0,515,0,0,0,683,0,0,138,119,98,117,110,106,101,85,94,73,82
12320023.0,Apache Airflow,5319,1524,1525,0.0,0.0,set(),0,0.0,0,0.0,2016-04-15 04:07:26,2020-04-01 19:34:38,3377.6562390069143,284.1588888888889,0.0038888888888888888,35305.976111111115,6827.553604532883,17965753.535277776,0,0,140,319,0,0,86,0,0,0,0,0,0,0,0,0,0,0,48,430,0,2317,0,0,0,0,1978,0,0,0,0,0,0,0,1,0,0,0,0,0,0,0,0,0,0,0,0,0,0,0,176,0,0,2995,418,129,1601,0,0,0,0,0,1249,0,0,0,4070,0,0,492,463,459,342,487,404,402,483,397,452,475
12320120.0,aardvark,57,56,56,0.0,0.0,set(),0,0.0,0,0.0,2018-07-10 15:07:16,2021-12-23 09:21:09,58.33640838206627,0.051666666666666666,0.005277777777777778,2172.476111111111,303.29919819116117,3325.1752777777774,0,0,5,0,0,0,0,0,0,0,0,0,0,0,0,0,0,0,7,5,0,31,0,0,0,0,9,0,0,0,0,0,0,0,0,0,0,0,0,0,0,0,0,0,0,0,0,0,0,0,2,0,0,37,4,1,13,0,0,0,0,0,47,0,0,0,10,0,0,7,4,3,7,4,5,4,3,5,7,2
12320220.0,CarbonData,3255,209,209,0.0,0.0,set(),0,0.0,0,0.0,2016-06-20 00:43:17,2021-12-22 09:58:49,769.2051717869944,192.53694444444446,0.011111111111111112,26900.164166666666,1823.0545525353407,2503762.8341666665,0,0,57,385,0,0,8,0,0,0,0,0,0,0,0,0,0,0,50,158,0,1891,0,0,0,0,706,0,0,0,0,0,0,0,0,0,0,0,0,0,0,0,0,0,0,0,0,0,0,0,33,0,0,1914,133,22,1153,0,0,0,0,0,462,0,0,0,2793,0,0,315,168,206,283,271,290,320,235,275,229,350
12320634.0,NetBeans,2804,1043,1043,0.0,0.0,set(),0,0.0,0,0.0,2016-11-03 12:49:12,2021-12-30 16:31:47,3711.010068057537,935.0904166666667,0.004166666666666667,30831.01388888889,5621.365362883205,10405672.230833333,0,0,106,27,0,0,28,0,0,0,0,0,0,0,0,0,0,0,3,62,0,2076,0,0,0,0,502,0,0,0,0,0,0,0,0,0,0,0,0,0,0,0,0,0,0,0,0,0,0,0,237,0,0,1823,72,147,525,0,0,0,0,0,2577,0,0,0,227,0,0,256,174,229,266,239,209,212,174,215,265,324
12320820.0,Ratis,1180,85,88,0.0,0.0,set(),0,0.0,0,0.0,2017-02-01 13:50:56,2021-12-30 02:35:59,828.5099176082863,131.02666666666664,0.013055555555555556,23101.307777777776,2175.6697834420734,977641.7027777778,0,0,50,354,0,0,3,0,0,0,0,0,0,0,0,0,0,0,12,37,0,451,0,0,0,0,273,0,0,0,0,0,0,0,0,0,0,0,0,0,0,0,0,0,0,0,0,0,0,0,27,0,0,973,18,46,116,0,0,0,0,0,5,0,0,0,1175,0,0,58,68,82,124,92,54,68,80,82,120,192
12321020.0,Apache Gobblin,1056,66,69,0.0,0.0,set(),0,0.0,0,0.0,2017-03-12 05:06:40,2021-11-11 17:15:58,1300.9054500736531,131.62541666666667,0.005833333333333334,25346.366944444446,2670.56646037966,1373756.1552777777,0,0,199,2,0,0,3,0,0,0,0,0,0,0,0,0,0,0,4,50,0,323,0,0,0,0,475,0,0,0,0,0,0,0,0,0,0,0,0,0,0,0,0,0,0,0,0,0,0,0,15,0,0,964,16,2,59,0,0,0,0,0,96,0,0,0,960,0,0,91,63,91,88,87,68,104,119,94,106,85
12321021.0,IMPALA,8869,282,640,0.0,0.0,set(),0,0.0,0,0.0,2012-10-30 17:45:03,2021-12-17 08:19:31,4746.156090659099,692.6927777777778,0.0016666666666666668,66929.22388888888,9343.36204457615,42093658.36805555,0,0,414,951,0,0,1,0,0,0,0,36,0,0,0,2,0,16,52,365,0,5364,0,0,1,0,1647,0,0,0,0,0,0,0,16,0,0,3,0,0,0,1,0,0,0,0,0,0,0,0,1409,0,0,4511,62,1495,1392,0,0,0,0,0,620,0,0,0,8249,0,0,623,800,866,832,757,763,655,719,771,842,681
12321520.0,Apache NiFi MiNiFi C++,1269,48,48,0.0,0.0,set(),0,0.0,0,0.0,2016-03-30 15:37:02,2021-12-15 12:37:14,1944.2999608177915,478.20194444444445,0.003611111111111111,26150.373333333333,3645.395158144203,2467316.6502777776,0,0,82,45,0,0,8,0,0,0,0,22,0,0,0,0,0,1,10,110,0,491,0,0,0,0,488,0,0,0,0,0,0,2,6,0,0,4,0,0,0,0,0,0,0,0,0,0,0,0,28,0,0,785,62,95,299,0,0,0,0,0,65,0,0,0,1204,0,0,102,127,104,95,142,97,101,106,98,114,102
12321622.0,Daffodil,2176,24,34,0.0,0.0,set(),0,0.0,0,0.0,2010-11-17 16:18:33,2021-12-16 19:20:39,8096.17230200674,1057.560972222222,0.002777777777777778,73728.70527777777,14571.621893060377,17617270.929166667,0,0,175,103,0,0,16,0,0,0,0,1,0,0,0,0,0,2,3,265,2,1256,0,0,0,17,335,0,0,0,0,0,1,0,0,0,0,0,0,0,0,0,0,0,0,0,0,0,0,0,74,0,0,1673,8,101,320,0,0,0,0,0,2176,0,0,0,0,0,0,133,159,245,236,179,227,171,158,137,222,160
12321623.0,Apache MXNet,312,53,54,0.0,0.0,set(),0,0.0,0,0.0,2017-11-02 15:55:20,2021-01-02 18:31:44,1009.058519408832,576.5066666666667,0.004166666666666667,7298.5408333333335,1161.9867802415615,314826.2580555556,0,0,36,45,0,0,0,0,0,0,0,0,0,0,0,0,0,0,9,21,0,89,0,0,0,0,96,0,0,0,0,0,0,0,2,0,0,14,0,0,0,0,0,0,0,0,0,0,0,0,13,0,0,249,6,3,41,0,0,0,0,312,0,0,0,0,0,0,0,12,7,76,30,32,30,35,32,25,20,6
12321626.0,Apache ServiceComb,2000,95,95,0.0,0.0,set(),0,0.0,0,0.0,2017-12-18 01:48:14,2021-11-23 06:31:22,1099.9450354166665,147.3963888888889,0.002777777777777778,27915.50361111111,2963.0697063766493,2199890.0708333333,0,0,261,407,0,0,16,0,0,0,0,0,0,0,0,0,0,0,13,198,0,451,0,0,0,0,654,0,0,0,0,0,0,0,0,0,0,0,0,0,0,0,0,0,0,0,0,0,0,0,12,0,0,1788,15,5,180,0,0,0,0,0,425,0,0,0,1575,0,0,230,119,232,153,179,164,167,172,103,106,133
12321922.0,Apache Ozone,4813,140,152,0.0,0.0,set(),0,0.0,0,0.0,2017-04-20 18:44:44,2022-01-04 08:02:32,1017.172461447007,203.0925,0.009166666666666667,23826.383333333335,2290.0912311517036,4895651.056944445,0,0,207,1481,0,0,4,0,0,0,0,0,0,0,0,0,0,0,39,84,0,1907,0,0,0,0,1091,0,0,0,0,0,0,0,0,0,0,0,0,0,0,0,0,0,0,0,0,0,0,0,168,0,0,3826,90,316,413,0,0,0,0,0,18,0,0,0,4795,0,0,302,347,418,364,390,403,425,406,459,502,476
12322420.0,Apache DataLab,1610,16,16,0.0,0.0,set(),0,0.0,0,0.0,2018-11-05 17:42:37,2021-07-14 09:27:41,1325.9158412698414,285.7290277777778,0.0019444444444444444,24529.130555555555,2989.5311407493878,2134724.5044444446,0,0,830,55,0,0,0,0,0,0,0,0,0,0,0,0,0,0,0,25,0,635,0,0,0,0,64,0,0,0,0,0,0,0,1,0,0,0,0,0,0,0,0,0,0,0,0,0,0,0,62,0,0,1027,64,25,432,0,0,0,0,0,1573,0,0,0,37,0,0,151,144,127,107,99,108,163,113,134,84,138
12322720.0,Apache IoTDB,1690,120,120,0.0,0.0,set(),0,0.0,0,0.0,2019-01-14 07:42:14,2022-01-05 03:25:31,860.4009271860617,173.09333333333333,0.0030555555555555557,14911.2,1636.6208804050757,1454077.5669444443,0,0,96,97,0,0,27,0,0,0,0,0,0,0,0,0,0,0,8,205,0,741,0,0,0,0,516,0,0,0,0,0,0,0,0,0,0,0,0,0,0,0,0,0,0,0,0,0,0,0,30,0,0,1448,22,6,184,0,0,0,0,0,1540,0,0,0,150,0,0,99,112,149,124,124,89,134,92,220,151,197
12322822.0,Apache Hudi,1786,169,169,0.0,0.0,set(),0,0.0,0,0.0,2019-03-04 20:26:45,2022-01-05 03:15:31,1813.2252987744182,601.6831944444444,0.004166666666666667,22731.240833333333,2990.6742671215998,3238420.383611111,0,0,225,398,0,0,11,0,0,0,0,0,0,0,0,0,0,0,34,91,0,454,0,0,0,0,564,0,0,0,0,0,0,0,9,0,0,0,0,0,0,0,0,0,0,0,0,0,0,0,42,0,0,1318,20,198,208,0,0,0,0,0,1015,0,0,0,771,0,0,134,78,199,173,174,184,175,170,132,116,101
12322824.0,Apache Submarine,1031,70,70,0.0,0.0,set(),0,0.0,0,0.0,2018-04-09 21:37:09,2022-01-02 18:28:31,1488.0713597909257,170.0825,0.020833333333333332,26383.910277777777,3745.3954532707394,1534201.5719444444,0,0,52,387,0,0,2,0,0,0,0,0,0,0,0,0,0,0,11,122,0,211,0,0,0,0,246,0,0,0,0,0,0,0,0,0,0,0,0,0,0,0,0,0,0,0,0,0,0,0,26,0,0,841,43,12,109,0,0,0,0,0,8,0,0,0,1023,0,0,64,65,82,66,81,75,110,122,120,101,81
12323620.0,Apache YuniKorn,801,36,36,0.0,0.0,set(),0,0.0,0,0.0,2020-02-11 23:51:44,2021-12-27 05:27:27,944.6616895547232,205.28944444444446,0.013888888888888888,16095.8025,1966.4784654045359,756674.0133333333,0,0,64,319,0,0,0,0,0,0,0,0,0,0,0,0,0,0,11,32,0,217,0,0,0,0,158,0,0,0,0,0,0,0,0,0,0,0,0,0,0,0,0,0,0,0,0,0,0,0,50,0,0,607,15,56,73,0,0,0,0,0,62,0,0,0,739,0,0,31,18,116,75,78,91,96,97,66,75,24
12324323.0,Apache Hop,1698,63,63,0.0,0.0,set(),0,0.0,0,0.0,2020-09-28 13:43:54,2021-12-30 12:29:05,517.7474092069101,29.13361111111111,0.0175,10664.654444444444,1340.157803336815,879135.1008333333,0,0,306,109,0,0,2,0,0,0,0,0,0,0,0,0,0,0,0,48,0,711,0,0,0,0,522,0,0,0,0,0,0,0,0,0,0,0,0,0,0,0,0,0,172,2,0,1,79,0,25,2,2,1008,36,82,233,55,1,0,0,0,588,0,0,0,1110,0,0,97,85,124,91,61,82,89,64,79,665,115
