project_id,project_name,issue_count,creator.key,reporter.key,components,project_start_date,project_latest_date,avg_resolution_hours,median_resolution_hours,min_resolution_hours,max_resolution_hours,resolution_hours_std,total_resolution_hours,issuetype.name_Enhancement,issuetype.name_Analysis,issuetype.name_Problem,issuetype.name_Typo,issuetype.name_Problem Ticket,issuetype.name_Backport,issuetype.name_Technical Requirement,issuetype.name_Support Request,issuetype.name_Task,issuetype.name_Public Security Vulnerability,issuetype.name_Sub-task,issuetype.name_Third-party issue,issuetype.name_Clarification,issuetype.name_Plugin Release Request,issuetype.name_Dev Task,issuetype.name_Spec Change,issuetype.name_Feedback,issuetype.name_A/B Test,issuetype.name_Tracker,issuetype.name_Spike,issuetype.name_Ask a question,issuetype.name_Risk,issuetype.name_Support Patch,issuetype.name_Market Problem,issuetype.name_RFE,issuetype.name_Feature Request,issuetype.name_Component Upgrade Subtask,issuetype.name_Infrastructure,issuetype.name_Business Requirement,issuetype.name_Documentation,issuetype.name_Feature,issuetype.name_Incident,issuetype.name_Build Failure,issuetype.name_Suggestion,issuetype.name_Investigation,issuetype.name_Question,issuetype.name_Patch,issuetype.name_Docs Task,issuetype.name_Atlassian Incident,issuetype.name_Purchase,issuetype.name_Issue,issuetype.name_Test Task,issuetype.name_Workload,issuetype.name_New Feature,issuetype.name_Backport Sub-Task,issuetype.name_CTS Challenge,issuetype.name_QE Sub-task,issuetype.name_Bug,issuetype.name_Pricing Change,issuetype.name_Design Request,issuetype.name_Initiative,issuetype.name_OKR,issuetype.name_Tracking,issuetype.name_Component Upgrade,issuetype.name_Library Upgrade,issuetype.name_Success Metric,issuetype.name_Improvement,issuetype.name_Doc API,issuetype.name_App Incident,issuetype.name_Payment Support,issuetype.name_Technical task,issuetype.name_Requirement,issuetype.name_Dev Sub-task,issuetype.name_Simple Task,issuetype.name_Epic,issuetype.name_Release,issuetype.name_IT Help,issuetype.name_Quality Risk,issuetype.name_Story,issuetype.name_Technical Debt,issuetype.name_Doc UI,issuetype.name_Docs Sub-task,issuetype.name_QE Task,status.name_Approved,status.name_In Progress,status.name_Verified,status.name_Dropped,status.name_In Review,status.name_Defining,status.name_To Do,creator_count,reporter_count,team_size_estimate,issues_per_team_member,resolution_hours_per_team_member,team_role_diversity,project_class,pca_x,pca_y
10000.0,Core Server,52972,5935,6014,set(),2009-04-08 08:01:26.000,2021-12-30 14:56:12.000,3966.524720360652,391.15930555555553,0.0008333333333333,106486.02444444444,10644.475352544105,210114747.48694444,0,0,0,0,0,0,0,0,13782,0,0,0,0,0,0,0,0,0,0,0,0,0,0,0,0,0,0,0,0,0,0,0,0,0,0,1429,0,0,0,0,0,0,0,2324,0,0,0,24794,0,0,0,0,0,0,0,0,10643,0,0,0,0,0,0,0,0,0,0,0,0,0,0,0,0,0,0,0,0,0,0,0,5935,6014,6014,8.808114399733954,34937.60350630935,0.009349976686540674,0,2.030340249480198,-0.3414634274901211
10001.0,Sawtooth,1249,62,62,set(),2016-07-18 17:01:57.000,2020-01-30 11:11:43.000,3676.965128324882,646.9213888888889,0.0008333333333333,37121.55194444444,8562.217415121533,4592529.4452777775,0,0,0,0,0,0,0,0,55,0,6,0,0,0,0,0,0,0,0,0,0,0,0,0,0,0,0,0,0,0,0,0,0,0,0,0,0,0,0,0,0,0,0,227,0,0,0,182,0,0,0,0,0,0,0,0,704,0,0,0,0,0,0,0,75,0,0,0,0,0,0,0,0,0,0,0,0,0,0,0,62,62,62,20.14516129032258,74073.05556899641,0.0,0,-0.5414076050174549,-0.3224542535010349
10002.0,Fabric,13245,826,826,set(),2016-07-28 05:40:02.000,2021-08-18 13:57:37.000,2850.95311027222,505.29777777777775,0.0016666666666666,42909.80944444444,5201.117946104354,37760873.94555555,0,0,0,0,0,0,0,0,2568,0,3693,0,0,0,0,0,0,0,0,0,0,0,0,0,0,0,0,0,0,346,0,0,0,0,0,0,0,0,0,0,0,334,0,0,0,0,0,3556,0,0,0,0,0,0,0,0,0,0,0,0,0,0,0,0,197,0,0,0,2551,0,0,0,0,0,0,0,0,0,0,0,826,826,826,16.03510895883777,45715.34375975248,0.0,0,-0.08916847303244241,-0.37179013500085784
10004.0,Python Driver,2611,642,646,set(),2009-04-09 09:38:38.000,2021-12-16 11:48:52.000,2425.97891357079,286.4775,0.0072222222222222,77684.9675,6638.218165652036,6334230.943333333,0,0,0,0,0,0,0,0,862,0,2,0,0,0,0,12,0,0,0,0,0,0,0,0,0,0,0,0,0,0,0,0,0,0,0,1,0,0,0,0,0,0,0,260,0,0,0,866,0,0,0,0,0,0,0,0,568,0,0,0,0,0,0,0,40,0,0,0,0,0,0,0,0,0,0,0,0,0,0,0,642,646,646,4.041795665634675,9805.311057791538,0.004391967585009612,0,-0.2978307096098694,-0.039818200284063035
10005.0,Ruby Driver,2395,435,446,set(),2009-04-09 09:42:17.000,2021-12-30 16:36:03.000,1678.8013274182324,435.96472222222224,0.0019444444444444,36991.87583333333,3279.2892243728047,4020729.179166666,0,0,0,0,0,0,0,0,438,0,25,0,0,0,0,8,0,0,0,0,0,0,0,0,0,0,0,0,0,0,0,0,0,0,0,0,0,0,0,0,0,0,0,195,0,0,0,825,0,0,0,0,0,0,0,0,853,0,0,0,0,0,0,0,51,0,0,0,0,0,0,0,0,0,0,0,0,0,0,0,435,446,446,5.369955156950673,9015.087845665172,0.017657604070492675,0,-0.4675621711192337,-0.3427925583084102
10006.0,Java Driver,3819,1158,1166,set(),2009-04-17 20:00:51.000,2021-12-15 21:05:25.000,3203.9729882749994,407.8363888888889,0.0008333333333333,65986.90388888889,7695.293715243793,12235972.842222225,0,0,0,0,0,0,0,0,585,0,86,0,0,0,0,15,0,0,0,0,0,0,0,0,0,0,0,0,0,0,0,0,0,0,0,1,0,0,0,0,0,0,0,499,0,0,0,1095,0,0,0,0,0,0,0,0,1484,0,0,0,0,0,0,0,54,0,0,0,0,0,0,0,0,0,0,0,0,0,0,0,1158,1166,1166,3.275300171526587,10493.973278063657,0.004868205033986558,0,-0.26274048479314305,-0.14897253932585763
10020.0,Tools (JBoss Tools),26045,1045,1045,set(),2003-01-31 10:45:12.000,2021-12-30 07:31:24.000,3828.441491670399,240.84583333333333,0.0016666666666666,142659.73416666666,12674.540583073278,99711758.65055557,1261,0,0,0,0,0,0,0,3104,0,3937,0,0,0,0,0,0,0,0,0,0,0,0,0,0,3616,1,0,0,0,0,0,0,0,0,0,10,0,0,0,0,0,0,0,0,0,0,14012,0,0,0,0,0,67,0,0,0,0,0,0,0,0,0,0,26,2,0,9,0,0,0,0,0,0,0,0,0,0,0,0,1045,1045,1045,24.923444976076556,95417.95086177567,0.0,0,0.848217308150988,0.2517717723149972
10021.0,EJB 3.0,1764,261,261,set(),2004-12-13 11:37:00.000,2013-02-20 04:30:31.000,3092.446531399597,235.86291666666668,0.0013888888888888,114750.1888888889,8234.53029996747,5455075.6813888885,1,0,0,0,0,0,0,0,545,0,109,0,0,0,0,0,0,0,0,0,0,0,1,0,0,232,0,0,0,0,0,0,0,0,0,0,13,0,0,0,0,0,0,0,0,0,0,848,0,0,0,0,0,14,0,0,0,0,0,0,0,0,0,0,0,1,0,0,0,0,0,0,0,0,0,0,0,0,0,0,261,261,261,6.758620689655173,20900.673108769686,0.0,0,-0.216531269606218,0.25569834624030013
10030.0,Application Server 3  4  5 and 6,8094,1259,1259,set(),2001-04-06 03:49:30.000,2017-05-08 23:57:09.000,7433.758957320923,1533.2168055555555,0.0019444444444444,73030.91222222222,11679.062691531406,60168845.00055555,4,0,0,0,0,0,0,0,1316,0,1319,0,0,0,0,0,0,0,0,0,0,0,1,0,0,1059,222,0,0,0,0,0,0,0,0,0,101,0,0,0,0,0,0,0,0,2,0,4002,0,0,0,0,0,60,0,0,0,0,0,0,0,0,0,0,0,5,0,3,0,0,0,0,0,0,0,0,0,0,0,0,1259,1259,1259,6.428911834789515,47790.98093769305,0.0,0,-0.056656985941927945,-0.13678319125555163
10030.0,C Driver,2901,360,362,set(),2011-04-08 20:06:10.000,2021-12-20 20:01:11.000,1974.658166915623,473.5833333333333,0.0027777777777777,43533.923055555555,3862.1182733633254,5728483.342222222,0,0,0,0,0,0,0,0,446,0,4,0,0,0,0,4,0,0,0,0,0,0,0,0,0,0,0,0,0,0,0,0,0,0,0,0,0,0,0,0,0,0,0,343,0,0,0,1306,0,0,0,0,0,0,0,0,750,0,0,0,0,0,0,0,48,0,0,0,0,0,0,0,0,0,0,0,0,0,0,0,360,362,362,8.013812154696133,15824.539619398403,0.0039174890924462465,0,-0.426790235885996,-0.29656260740318285
10041.0,C# Driver,3191,958,970,set(),2010-02-12 13:42:38.000,2021-12-14 13:36:07.000,4346.355662018176,664.1988888888889,0.0111111111111111,87965.7688888889,9472.674323310372,13869220.9175,0,0,0,0,0,0,0,0,886,0,21,0,0,0,0,8,0,0,0,0,0,0,0,0,0,0,0,0,0,0,0,0,0,0,0,1,0,0,0,0,0,0,0,453,0,0,0,1061,0,0,0,0,0,0,0,0,727,0,0,0,0,0,0,0,34,0,0,0,0,0,0,0,0,0,0,0,0,0,0,0,958,970,970,3.2896907216494844,14298.165894329897,0.00880215910190723,0,-0.21568627144544347,0.02617492124189597
10052.0,jBPM,7361,1016,1016,set(),2004-11-23 04:07:55.000,2021-12-16 13:52:28.000,3808.1214228894023,695.1408333333334,0.0013888888888888,81063.58638888889,8054.119114385649,28031581.79388889,613,0,0,0,0,0,0,0,1216,0,285,0,0,0,0,0,0,0,0,0,0,0,4,0,0,1478,0,0,0,0,0,0,0,0,0,0,40,0,0,0,0,0,0,0,0,0,0,3606,0,0,0,0,0,15,0,0,0,0,0,0,0,0,0,0,26,15,0,21,42,0,0,0,0,0,0,0,0,0,0,0,1016,1016,1016,7.2450787401574805,27590.13956091426,0.0,0,-0.07492768779354661,-0.06340003551618029
10053.0,JGroups,2438,377,377,set(),2004-12-24 09:01:07.000,2022-01-03 10:21:02.000,3078.158809019232,162.53694444444443,0.0016666666666666,137169.2138888889,10200.018421312676,7504551.176388889,258,0,0,0,0,0,0,0,448,0,32,0,0,0,0,0,0,0,0,0,0,0,2,0,0,535,0,0,0,0,0,0,0,0,0,0,11,0,0,0,0,0,0,0,0,0,0,1145,0,0,0,0,0,1,0,0,0,0,0,0,0,0,0,0,0,4,0,2,0,0,0,0,0,0,0,0,0,0,0,0,377,377,377,6.4668435013262595,19905.9712901562,0.0,0,-0.10279059980418327,0.4182416159819742
10071.0,Seam 2,4134,817,817,set(),2004-11-26 12:21:34.000,2016-12-12 06:09:57.000,4018.559218002473,257.1813888888889,0.0013888888888888,124255.58916666669,11491.221028538652,16612723.807222225,12,0,0,0,0,0,0,0,546,0,20,0,0,0,0,0,0,0,0,0,0,0,1,0,0,1220,0,0,0,0,0,0,0,0,0,0,122,0,0,0,0,0,0,0,0,0,0,2204,0,0,0,0,0,4,0,0,0,0,0,0,0,0,0,0,0,2,0,3,0,0,0,0,0,0,0,0,0,0,0,0,817,817,817,5.059975520195838,20333.811269549846,0.0,0,-0.04671447387513247,0.2937422266825982
10100.0,Blockchain Explorer,776,101,104,set(),2016-10-02 11:40:59.000,2021-07-27 12:27:40.000,1599.0603311139748,354.12416666666667,0.005,23300.596388888887,3166.3242187923033,1240870.8169444446,0,0,0,0,0,0,0,0,289,0,84,0,0,0,0,0,0,0,0,0,0,0,0,0,0,0,0,0,0,0,0,0,0,0,0,0,0,0,0,0,0,0,0,174,0,0,0,181,0,0,0,0,0,0,0,0,46,0,0,0,0,0,0,0,2,0,0,0,0,0,0,0,0,0,0,0,0,0,0,0,101,104,104,7.461538461538462,11931.45016292735,0.02069580822985017,0,-0.5991906948215444,-0.42673616244108287
10108.0,Shared Access Layer,353,1,1,set(),2008-07-11 06:08:50.963,2020-12-09 01:20:20.704,7510.891307817123,808.7287341666666,0.0088783333333333,50996.236818888894,11709.062734797835,2651344.6316594444,0,0,0,0,0,0,0,0,51,0,3,0,0,0,0,0,0,0,0,0,0,0,0,0,0,0,0,0,0,3,0,0,0,0,0,0,0,0,0,0,0,0,0,54,0,0,0,126,0,0,0,0,0,0,0,0,101,0,0,0,0,0,0,0,5,0,0,0,10,0,0,0,0,0,0,0,0,0,0,0,1,1,1,353.0,2651344.6316594444,0.0,0,-0.5191547689556282,-0.21131323161486398
10130.0,Application Links,1195,1,1,set(),2007-12-04 16:20:33.000,2020-06-06 11:15:16.024,9856.637571852629,735.0810202777777,0.0061416666666666,88133.05006027778,19321.651672696167,11778681.898363888,0,0,0,0,0,0,0,0,121,0,149,0,0,0,0,0,0,0,0,0,0,0,0,0,0,0,0,0,0,4,0,0,0,0,0,0,0,0,0,0,0,0,0,54,0,0,0,647,0,0,0,0,0,0,0,0,199,0,0,0,0,0,0,0,0,0,0,0,21,0,0,0,0,0,0,0,0,0,0,0,1,1,1,1195.0,11778681.898363888,0.0,0,-0.3524958808865348,0.06387743939057136
10200.0,Cello,662,75,75,set(),2017-01-12 01:42:26.000,2019-12-09 19:00:46.000,898.9668689157436,128.39930555555554,0.0536111111111111,11134.939166666669,1750.5705616580497,595116.0672222222,0,0,0,0,0,0,0,0,130,0,134,0,0,0,0,0,0,0,0,0,0,0,0,0,0,0,0,0,0,0,0,0,0,0,0,0,0,0,0,0,0,0,0,57,0,0,0,185,0,0,0,0,0,0,0,0,148,0,0,0,0,0,0,0,8,0,0,0,0,0,0,0,0,0,0,0,0,0,0,0,75,75,75,8.826666666666666,7934.880896296297,0.0,0,-0.6479558594140935,-0.5181150889538936
10200.0,Minecraft (Bedrock codebase),140317,83872,83862,set(),2012-09-06 12:16:10.000,2022-01-04 21:51:23.000,2194.1584964936537,19.565555555555555,0.0002777777777777,77519.27638888889,3948.745770356592,307877737.7525,0,0,0,0,0,0,0,0,0,0,0,0,0,0,0,0,0,0,0,0,0,0,0,0,0,0,0,0,0,0,0,0,0,0,0,0,0,0,0,0,0,0,0,0,0,0,0,140317,0,0,0,0,0,0,0,0,0,0,0,0,0,0,0,0,0,0,0,0,0,0,0,0,0,0,0,0,0,0,0,0,83872,83862,83872,1.6729897939717664,3670.8047709903185,8.431287409667063e-05,1,13.26974022488391,-3.82416199405933
10240.0,Atlassian Plugins,1104,1,1,set(),2005-03-16 05:06:49.959,2021-12-02 02:35:20.031,6491.433746867451,456.3802990277778,0.0025363888888888,72213.21382944444,12394.452166693516,7166542.856541666,0,0,0,0,0,0,0,0,62,0,16,0,0,0,0,0,0,0,0,0,0,0,0,0,0,0,0,0,0,6,0,0,0,0,0,0,0,0,0,0,0,0,0,107,0,0,0,549,0,0,0,0,0,0,0,0,356,0,0,0,0,0,0,0,1,0,0,0,7,0,0,0,0,0,0,0,0,0,0,0,1,1,1,1104.0,7166542.856541666,0.0,0,-0.41445365115665367,-0.05610889231090267
10240.0,Jira Server and Data Center,38678,10010,10105,set(),2002-02-08 04:39:00.000,2021-12-27 18:20:43.000,15633.336844358835,3874.1294444444447,0.0,144285.31055555557,21201.554574464582,604666202.4661111,0,0,0,0,0,0,0,1467,0,64,0,0,0,0,0,0,0,0,0,0,0,0,0,0,0,0,0,0,0,0,0,0,0,18693,0,0,0,0,0,0,0,0,0,0,0,0,0,18454,0,0,0,0,0,0,0,0,0,0,0,0,0,0,0,0,0,0,0,0,0,0,0,0,0,0,0,0,0,0,0,0,10010,10105,10105,3.827610094012865,59838.31790857111,0.0066791095414091,2,6.259372581909511,16.560540786241333
10292.0,Atlassian REST,375,1,1,set(),2008-12-30 21:22:54.909,2020-10-20 04:13:28.189,7252.627939619259,285.3212875,0.0049705555555555,50837.97976749999,12779.14789684118,2719735.4773572222,0,0,0,0,0,0,0,0,57,0,9,0,0,0,0,0,0,0,0,0,0,0,0,0,0,0,0,0,0,2,0,0,0,0,0,0,0,0,0,0,0,0,0,31,0,0,0,179,0,0,0,0,0,0,0,0,94,0,0,0,0,0,0,0,1,0,0,0,2,0,0,0,0,0,0,0,0,0,0,0,1,1,1,375.0,2719735.4773572222,0.0,0,-0.517911403057708,-0.2130007443475146
10303.0,Indy Node,1964,79,81,set(),2017-04-19 00:41:08.000,2020-03-13 12:28:08.000,10277.327810024892,11564.145,0.0191666666666666,21678.940555555557,5932.681286527238,20184671.818888888,0,0,0,0,0,0,0,0,782,0,55,0,0,0,0,0,0,0,0,0,0,0,0,0,0,0,0,0,0,0,0,0,0,0,0,0,0,0,0,0,0,0,0,0,0,0,0,770,0,0,0,0,0,0,0,0,0,0,0,0,0,0,0,0,64,0,0,0,293,0,0,0,0,0,0,0,0,0,0,0,79,81,81,24.246913580246915,249193.47924554182,0.017677669529663688,0,-0.5642469250411433,-0.44763543114773285
10304.0,Iroha,543,31,28,set(),2018-11-21 15:32:41.000,2021-07-01 11:57:27.000,1308.891473808062,492.17083333333335,0.0036111111111111,12415.375555555556,2081.6394477855733,710728.0702777777,0,0,0,0,0,0,0,0,310,0,11,0,0,0,0,0,0,0,0,0,0,0,0,0,0,0,0,0,0,0,0,0,0,0,0,0,0,0,0,0,0,0,0,45,0,0,0,86,0,0,0,0,0,0,0,0,88,0,0,0,0,0,0,0,3,0,0,0,0,0,0,0,0,0,0,0,0,0,0,0,31,28,31,17.516129032258064,22926.711944444443,0.07190916418846245,0,-0.6523529117173918,-0.505963379118407
10330.0,Atlassian OAuth Plugin,320,1,1,set(),2009-03-02 16:50:09.054,2018-09-05 03:24:10.149,7549.214443499999,600.1632095833334,0.0053486111111111,57706.92341638889,14499.30430852216,2415748.62192,0,0,0,0,0,0,0,0,49,0,32,0,0,0,0,0,0,0,0,0,0,0,0,0,0,0,0,0,0,0,0,0,0,0,0,0,0,0,0,0,0,0,0,31,0,0,0,129,0,0,0,0,0,0,0,0,79,0,0,0,0,0,0,0,0,0,0,0,0,0,0,0,0,0,0,0,0,0,0,0,1,1,1,320.0,2415748.62192,0.0,0,-0.4956711362339421,-0.1601634761195676
10360.0,Universal Plugin Manager,3708,1,1,set(),2009-02-16 23:57:03.015,2020-07-28 11:17:49.787,3431.550289819085,289.1034484722222,0.0041363888888888,75268.60072500001,8451.87761534671,12724188.474649169,0,0,0,0,0,0,0,0,425,0,387,0,0,0,0,0,0,0,0,0,0,0,0,0,0,0,0,0,0,9,0,0,0,0,0,0,0,0,0,0,0,0,0,104,0,0,0,1984,1,0,0,0,0,0,0,0,657,0,0,0,0,0,0,0,4,0,0,0,136,1,0,0,0,0,0,0,0,0,0,0,1,1,1,3708.0,12724188.474649169,0.0,0,-0.3064387168664906,-0.054017301074846716
10380.0,Documentation,12515,1350,1340,set(),2009-05-26 15:52:37.000,2021-12-31 00:33:53.000,2653.753839592489,432.17555555555555,0.0013888888888888,58513.12972222222,5476.991016313387,33211729.3025,0,0,0,32,0,2,0,0,5430,0,403,0,0,0,0,0,6,0,0,0,0,0,0,0,0,0,0,0,0,0,0,0,0,0,0,0,0,0,0,0,0,0,0,0,75,0,0,4041,0,3,0,0,21,0,0,0,2402,4,0,0,0,0,0,0,95,0,0,0,0,0,1,0,0,0,0,0,0,0,0,0,1350,1340,1350,9.27037037037037,24601.280964814814,0.005257299488375818,0,0.004470448714427965,-0.2674709241161225
10393.0,Atlassian Maven Plugin Suite,1398,1,1,set(),2009-06-25 04:19:17.457,2021-11-30 20:24:22.917,8237.449569523726,1083.6531256944445,0.0018763888888888,66264.81139916666,11888.433360388495,11515954.498194167,0,0,0,0,0,0,0,0,200,0,42,0,0,0,0,0,0,0,0,0,0,0,0,0,0,0,0,0,0,19,0,0,0,0,0,0,0,0,0,0,0,0,0,95,0,0,0,711,0,0,0,0,0,0,0,0,319,0,0,0,0,0,0,0,0,0,0,0,12,0,0,0,0,0,0,0,0,0,0,0,1,1,1,1398.0,11515954.498194167,0.0,0,-0.42495145606019374,-0.10373851194566251
10400.0,Minecraft: Java Edition,205547,118622,118497,set(),2012-10-23 03:40:08.000,2022-01-04 22:07:13.000,1264.1251082572087,3.6458333333333335,0.0,77011.8175,5084.683992195627,259837123.62694445,0,0,0,0,0,0,0,0,0,0,0,0,0,0,0,0,0,0,0,0,0,0,0,0,0,0,0,0,0,0,0,0,0,0,0,0,0,0,0,0,0,0,0,0,0,0,0,205547,0,0,0,0,0,0,0,0,0,0,0,0,0,0,0,0,0,0,0,0,0,0,0,0,0,0,0,0,0,0,0,0,118622,118497,118622,1.7327898703444555,2190.463182436179,0.0007455188968266436,1,19.283235834677967,-5.489407550406738
10401.0,Indy SDK,1293,120,120,set(),2017-06-16 14:06:04.000,2020-10-05 04:38:37.000,2566.1800936667523,576.3755555555556,0.0116666666666666,20256.772222222226,4396.672990792717,3318070.861111111,0,0,0,0,0,0,0,0,455,0,21,0,0,0,0,0,0,0,0,0,0,0,0,0,0,0,0,0,0,0,0,0,0,0,0,0,0,0,0,0,0,0,0,363,0,0,0,357,0,0,0,0,0,0,0,0,62,0,0,0,0,0,0,0,35,0,0,0,0,0,0,0,0,0,1,0,0,0,0,0,120,120,120,10.775,27650.59050925926,0.0,0,-0.5921086184336717,-0.4537331317675455
10452.0,Activity Streams,2242,1,1,set(),2007-12-11 01:13:57.863,2021-04-26 03:04:08.648,5282.964955008301,388.64903444444445,0.0048044444444444,61383.40711111111,10718.655806754852,11844407.429128611,0,0,0,0,0,0,0,0,289,0,254,0,0,0,0,0,0,0,0,0,0,0,0,0,0,0,0,0,0,3,0,0,0,0,0,0,0,0,0,0,0,0,0,53,0,0,0,1178,0,0,0,0,0,0,0,0,419,0,0,0,0,0,0,0,5,0,0,0,41,0,0,0,0,0,0,0,0,0,0,0,1,1,1,2242.0,11844407.429128611,0.0,0,-0.4110681900277113,-0.14773356680483438
10470.0,Confluence Server and Data Center,37290,8594,8675,set(),2003-06-02 06:45:32.000,2021-12-14 08:18:39.000,15519.29163641578,6999.458611111111,0.0016666666666666,143304.1136111111,19738.14499559568,578714385.1219444,0,0,0,0,0,0,0,1,0,10,0,0,0,0,0,0,0,0,0,0,0,0,0,0,0,0,0,0,0,0,0,0,0,14211,0,0,0,0,0,0,0,0,0,0,0,0,0,23068,0,0,0,0,0,0,0,0,0,0,0,0,0,0,0,0,0,0,0,0,0,0,0,0,0,0,0,0,0,0,0,0,8594,8675,8675,4.298559077809799,66710.59194489273,0.0066333486914251375,0,3.0901316044444465,4.003239115415753
10604.0,Fabric SDK Node,1599,256,258,set(),2016-08-10 19:51:30.000,2021-07-29 17:12:39.000,2314.859521575985,365.20166666666665,0.0019444444444444,30053.465277777777,4445.9322909096,3701460.375,0,0,0,0,0,0,0,0,327,0,114,0,0,0,0,0,0,0,0,0,0,0,0,0,0,0,0,0,0,32,0,0,0,0,0,0,0,0,0,0,0,21,0,0,0,0,0,803,0,0,0,0,0,0,0,0,0,0,0,0,0,0,0,0,19,0,0,0,283,0,0,0,0,0,0,0,0,0,0,0,256,258,258,6.1976744186046515,14346.745639534884,0.005502776507288308,0,-0.5272910767296329,-0.3873828488394533
10607.0,Fabric CA,736,131,131,set(),2016-08-10 17:47:14.000,2021-08-03 16:30:55.000,3713.762573218599,815.1344444444444,0.015,25940.89611111111,6570.851819688375,2733329.2538888888,0,0,0,0,0,0,0,0,196,0,30,0,0,0,0,0,0,0,0,0,0,0,0,0,0,0,0,0,0,5,0,0,0,0,0,0,0,0,0,0,0,2,0,0,0,0,0,314,0,0,0,0,0,0,0,0,0,0,0,0,0,0,0,0,13,0,0,0,176,0,0,0,0,0,0,0,0,0,0,0,131,131,131,5.6183206106870225,20865.10880831213,0.0,0,-0.5850279330784567,-0.408237767662458
10610.0,Fabric SDK Go,872,64,65,set(),2016-09-15 14:56:29.000,2021-03-17 12:21:38.000,817.8757546508665,96.96444444444444,0.0186111111111111,22412.175555555557,1891.5658919516925,713187.6580555555,0,0,0,0,0,0,0,0,270,0,36,0,0,0,0,0,0,0,0,0,0,0,0,0,0,0,0,0,0,1,0,0,0,0,0,0,0,0,0,0,0,0,0,0,0,0,0,201,0,0,0,0,0,0,0,0,0,0,0,0,0,0,0,0,1,0,0,0,363,0,0,0,0,0,0,0,0,0,0,0,64,65,65,13.415384615384616,10972.117816239315,0.010962895832349575,0,-0.6027657999813383,-0.4330274219355369
10880.0,Node.js Driver,3105,1104,1114,set(),2012-07-09 19:42:41.000,2022-01-04 09:08:11.000,2273.4323785113615,426.87944444444446,0.0027777777777777,37465.09138888889,4642.9230435584295,7059007.535277777,0,0,0,0,0,0,0,0,825,0,11,0,0,0,0,10,0,0,0,0,0,0,0,0,0,0,0,0,0,0,0,0,0,0,0,0,0,0,0,0,0,0,0,237,0,0,0,1314,0,0,0,0,0,0,0,0,649,0,0,0,0,0,0,0,59,0,0,0,0,0,0,0,0,0,0,0,0,0,0,0,1104,1114,1114,2.787253141831239,6336.631539746659,0.006376075574270041,0,-0.38166858535949155,-0.3632821745701125
11011.0,Bamboo,12416,2211,2237,set(),2006-04-06 23:43:22.000,2021-12-02 14:44:54.000,18271.413698073276,1878.330972222222,0.0019444444444444,117442.29388888887,27546.953059831423,226857872.47527775,0,0,0,0,0,0,0,0,0,6,0,0,0,0,0,0,0,0,0,0,0,0,0,0,0,0,0,0,0,0,0,0,0,6627,0,0,0,0,0,0,0,0,0,0,0,0,0,5783,0,0,0,0,0,0,0,0,0,0,0,0,0,0,0,0,0,0,0,0,0,0,0,0,0,0,0,0,0,0,0,0,2211,2237,2237,5.550290567724631,101411.65510741071,0.008266536110993811,0,0.8869671902216842,2.173671861174276
11101.0,Minecraft Launcher,16965,15187,15180,set(),2012-10-24 16:11:18.000,2022-01-05 00:56:52.000,1039.9915445033892,8.183333333333334,0.0,59184.10694444445,3762.834734660624,17643456.5525,0,0,0,0,0,0,0,0,0,0,0,0,0,0,0,0,0,0,0,0,0,0,0,0,0,0,0,0,0,0,0,0,0,0,0,0,0,0,0,0,0,0,0,0,0,0,0,16965,0,0,0,0,0,0,0,0,0,0,0,0,0,0,0,0,0,0,0,0,0,0,0,0,0,0,0,0,0,0,0,0,15187,15180,15187,1.1170738131296503,1161.7473202409956,0.0003259951571314804,0,1.5734698277452563,-0.740879143661282
11672.0,Atlassian Marketplace,4466,1,1,set(),2011-11-10 04:17:15.107,2021-12-17 18:24:00.156,2495.284575838496,433.2984988888889,0.0026147222222222,65843.34631722223,4564.021222242759,11143940.915694725,0,0,0,0,0,0,0,6,418,0,442,0,0,0,0,0,0,11,0,0,0,0,0,0,0,0,0,0,0,0,0,0,0,0,0,0,0,0,0,0,0,0,0,149,0,0,0,2451,0,0,0,0,0,0,0,0,850,0,0,0,0,0,0,0,15,0,0,0,124,0,0,0,0,0,0,0,0,0,0,0,1,1,1,4466.0,11143940.915694725,0.0,0,-0.3049558692399267,-0.10751408111602108
11700.0,Bedrock Dedicated Server,13679,12484,12483,set(),2018-09-11 13:23:39.000,2022-01-04 11:04:20.000,657.6960765081918,11.64638888888889,0.0002777777777777,27755.118333333332,1825.9333637205225,8996624.630555555,0,0,0,0,0,0,0,0,0,0,0,0,0,0,0,0,0,0,0,0,0,0,0,0,0,0,0,0,0,0,0,0,0,0,0,0,0,0,0,0,0,0,0,0,0,0,0,13679,0,0,0,0,0,0,0,0,0,0,0,0,0,0,0,0,0,0,0,0,0,0,0,0,0,0,0,0,0,0,0,0,12484,12483,12484,1.0957225248317848,720.6524055235145,5.664331166632335e-05,0,1.0782484996796953,-0.8711643696353889
11771.0,Crucible,5886,763,770,set(),2007-08-15 03:36:53.000,2021-11-04 00:37:10.000,9301.537903263865,899.5144444444445,0.0022222222222222,98483.25055555555,18997.198771321597,54748852.09861111,0,0,0,0,0,0,0,55,0,1,0,0,0,0,0,0,0,0,0,0,0,0,0,0,0,0,0,0,0,0,0,0,0,2366,0,0,0,0,0,0,0,0,0,0,0,0,0,3464,0,0,0,0,0,0,0,0,0,0,0,0,0,0,0,0,0,0,0,0,0,0,0,0,0,0,0,0,0,0,0,0,763,770,770,7.644155844155844,71102.40532287156,0.006457596175219612,0,0.1536675717305436,0.9157179468008133
12200.0,Jira Software Server and Data Center,10928,3469,3487,set(),2007-06-14 06:25:23.000,2021-11-17 13:14:45.000,6673.9727151456,846.0659722222222,0.0016666666666666,94476.63611111112,10197.571801887054,72933173.83111112,0,0,0,0,0,0,0,0,0,0,0,0,0,0,0,0,0,0,0,0,0,0,0,0,0,0,0,0,0,0,0,0,0,5552,0,0,0,0,0,0,0,0,0,0,0,0,0,5376,0,0,0,0,0,0,0,0,0,0,0,0,0,0,0,0,0,0,0,0,0,0,0,0,0,0,0,0,0,0,0,0,3469,3487,3487,3.13392601089762,20915.736688015808,0.0036595520590448115,0,0.6438318414883015,1.127755039699451
12370.0,Atlassian Gadgets,1458,1,1,set(),2008-08-27 23:05:50.133,2021-10-15 12:16:21.449,16794.45988457857,1021.4736052777778,0.0032649999999999,103591.6267172222,26425.67373319425,24486322.511715554,0,0,0,0,0,0,0,0,221,0,178,0,0,0,0,0,0,0,0,0,0,0,0,0,0,0,0,0,0,2,0,0,0,0,0,0,0,0,0,0,0,0,0,91,0,0,0,667,0,0,0,0,0,0,0,0,275,0,0,0,0,0,0,0,0,0,0,0,24,0,0,0,0,0,0,0,0,0,0,0,1,1,1,1458.0,24486322.511715554,0.0,0,-0.2899982531150039,0.1802487537577018
12371.0,Atlassian Reference Application,493,1,1,set(),2008-09-25 14:45:05.654,2020-02-13 15:23:46.758,4726.652144716024,331.24829805555555,0.0036041666666666,44574.399605000006,9411.103633717905,2330239.507345,0,0,0,0,0,0,0,0,193,0,55,0,0,0,0,0,0,0,0,0,0,0,0,0,0,0,0,0,0,2,0,0,0,0,0,0,0,0,0,0,0,0,0,43,0,0,0,121,0,0,0,0,0,0,0,0,67,0,0,0,0,0,0,0,6,0,0,0,6,0,0,0,0,0,0,0,0,0,0,0,1,1,1,493.0,2330239.507345,0.0,0,-0.5390944438866393,-0.2606798395312046
12385.0,MongoDB Database Tools,2133,669,653,set(),2009-07-30 03:20:44.000,2021-12-28 22:22:16.000,5315.262131062145,510.0252777777778,0.0058333333333333,89229.25055555555,11332.992120591543,11337454.125555556,0,0,0,0,0,41,0,0,635,0,67,0,0,0,0,0,0,0,0,0,0,0,0,0,0,0,0,0,0,0,0,0,28,0,23,112,0,0,0,0,0,0,0,340,0,0,0,847,0,0,0,0,0,0,0,0,0,0,0,0,0,0,0,0,30,10,0,0,0,0,0,0,0,0,0,0,0,0,0,0,669,653,669,3.188340807174888,16946.867153296796,0.017116049166391468,0,-0.2666557516659805,0.04959221448646079
12771.0,Atlassian User Interface,3983,1,1,set(),2011-08-28 23:32:02.082,2021-11-17 09:19:15.730,8879.260307986373,1438.4402383333334,0.0039066666666666,60336.74237472222,12816.834106610931,35366093.80670972,0,0,0,0,0,0,0,0,565,0,98,0,0,0,0,0,0,0,0,0,0,0,0,0,0,0,0,0,0,134,0,0,0,0,0,0,0,0,0,0,0,0,0,168,0,0,0,1925,0,0,6,0,0,0,0,12,734,0,0,0,0,0,0,0,91,0,0,0,250,0,0,0,0,0,0,0,0,0,0,0,1,1,1,3983.0,35366093.80670972,0.0,0,-0.35515902797715937,-0.16824689297794349
12782.0,WiredTiger,7499,154,174,set(),2012-01-31 11:48:47.000,2022-01-03 21:36:59.000,3984.47492576788,505.7330555555555,0.0058333333333333,60562.01361111111,7591.860529793295,29879577.468333337,0,0,0,0,0,0,0,0,2586,0,7,0,0,0,0,0,0,0,0,0,0,0,0,0,0,0,0,0,0,77,0,0,557,0,0,0,0,0,0,0,0,0,2,201,0,0,0,2670,0,0,0,0,0,0,0,0,1270,0,0,0,0,0,0,0,0,0,0,0,0,129,0,0,0,0,0,0,0,0,0,0,154,174,174,43.09770114942529,171721.70958812264,0.08623253429104238,0,-0.2388932277077033,-0.19047030507134916
12787.0,Evergreen,11384,278,280,set(),2013-04-25 15:03:04.000,2021-12-28 17:07:09.000,2147.455461393183,295.9575,0.0027777777777777,60116.41166666667,5855.467365069201,24446632.9725,0,0,0,0,139,0,0,0,2752,0,58,0,0,0,0,0,0,0,0,0,0,0,0,0,0,0,0,0,0,0,0,33,1789,0,0,50,0,0,0,0,0,0,0,1757,0,0,0,2769,0,0,0,0,0,0,0,0,2026,0,0,0,0,0,0,0,11,0,0,0,0,0,0,0,0,0,0,0,0,0,0,0,278,280,280,40.65714285714286,87309.40347321429,0.0050688658149573304,0,-0.13594232296408754,-0.21319284408966177
12870.0,ActiveObjects,693,1,1,set(),2010-01-26 23:21:12.961,2021-11-12 00:41:51.833,7083.386194559083,781.9407516666666,0.0110283333333333,72557.5127436111,11542.81155004204,4908786.6328294445,0,0,0,0,0,0,0,0,78,0,54,0,0,0,0,0,0,0,0,0,0,0,0,0,0,0,0,0,0,8,0,0,0,0,0,0,0,0,0,0,0,0,0,21,0,0,0,376,0,0,0,0,0,0,0,0,135,0,0,0,0,0,0,0,0,0,0,0,21,0,0,0,0,0,0,0,0,0,0,0,1,1,1,693.0,4908786.6328294445,0.0,0,-0.4272202811013391,-0.05055189359005034
12970.0,Atlassian Selenium,296,1,1,set(),2008-07-17 02:15:08.696,2019-07-12 10:36:04.759,19501.77344811937,2729.0935854166664,0.0022247222222222,95985.27930027778,29836.895500677263,5772524.940643333,0,0,0,0,0,0,0,0,34,0,0,0,0,0,0,0,0,0,0,0,0,0,0,0,0,0,0,0,0,1,0,0,0,0,0,0,0,0,0,0,0,0,0,35,0,0,0,101,0,0,0,0,0,0,0,0,122,0,0,0,0,0,0,0,1,0,0,0,2,0,0,0,0,0,0,0,0,0,0,0,1,1,1,296.0,5772524.940643333,0.0,0,-0.3589003039306892,0.1312780855297555
12981.0,Mongoid,4889,319,2035,set(),2009-11-17 06:22:01.000,2021-12-29 15:11:59.000,21939.51075066476,23539.721666666668,0.0038888888888888,64835.63444444445,13634.544236016643,107262268.06,0,0,0,0,0,0,0,0,4151,0,1,0,0,0,0,0,0,0,0,0,0,0,0,0,0,0,0,0,0,0,0,0,0,0,0,0,0,0,0,0,0,0,0,43,0,0,0,425,0,0,0,0,0,0,0,0,255,0,0,0,0,0,0,0,14,0,0,0,0,0,0,0,0,0,0,0,0,0,0,0,319,2035,2035,2.4024570024570027,52708.73123341524,1.0309220361224432,0,-0.25638512797149554,-0.15720691986115967
13182.0,Compass ,2072,390,358,set(),2016-03-21 14:59:36.000,2021-12-29 11:00:12.000,3764.135342261905,861.2019444444445,0.0033333333333333,41170.87111111111,6009.6983282119945,7799288.429166666,0,0,0,0,0,0,0,0,806,0,23,0,0,0,0,0,0,0,0,0,0,0,0,0,0,0,0,0,0,0,0,0,0,0,111,0,0,0,0,0,0,0,0,127,0,0,0,801,0,0,0,0,0,0,0,0,0,0,0,0,0,0,0,0,14,20,0,0,170,0,0,0,0,0,0,0,0,0,0,0,390,358,390,5.312820512820513,19998.175459401707,0.06050111496783295,0,-0.4662869918516554,-0.3077897410345486
13310.0,Bitbucket Server,5663,2079,2110,set(),2012-03-09 04:03:59.000,2021-12-30 22:31:10.000,3297.220925598917,253.34666666666664,0.0030555555555555,80191.2675,8480.15776860448,18672162.101666667,0,0,0,0,0,0,0,0,0,2,0,0,0,0,0,0,0,0,0,0,0,0,0,0,0,0,0,0,0,0,0,0,0,3012,0,0,0,0,0,0,0,0,0,0,0,0,0,2649,0,0,0,0,0,0,0,0,0,0,0,0,0,0,0,0,0,0,0,0,0,0,0,0,0,0,0,0,0,0,0,0,2079,2110,2110,2.6838862559241705,8849.365924960506,0.01046565300395463,0,0.1821503560105495,0.7626344654536336
13472.0,Atlassian Plugins Webresources,540,1,1,set(),2010-11-28 22:11:18.163,2021-12-06 11:44:42.267,8816.12224690998,978.6967472222224,0.0038011111111111,86626.33365694445,16819.83442913519,4760706.013331389,0,0,0,0,0,0,0,0,84,0,12,0,0,0,0,0,0,0,0,0,0,0,0,0,0,0,0,0,0,5,0,0,0,0,0,0,0,0,0,0,0,0,0,34,0,0,0,246,0,0,0,0,0,0,0,0,128,0,0,0,0,0,0,0,6,0,0,0,25,0,0,0,0,0,0,0,0,0,0,0,1,1,1,540.0,4760706.013331389,0.0,0,-0.3833015660777538,0.058035913157396826
13571.0,JIRA REST Java Client Library,122,1,1,set(),2010-07-28 15:14:13.679,2018-11-29 21:56:47.583,1252.5425114116574,127.76015083333334,0.0094302777777777,24923.808415,3314.729275216749,152810.1863922222,0,0,0,0,0,0,0,7,5,0,0,1,0,0,0,0,0,0,0,0,0,0,0,0,0,0,0,0,0,0,0,0,0,0,0,0,0,0,0,0,0,0,0,16,0,0,0,46,0,0,0,0,0,0,0,0,9,0,0,0,0,0,0,0,1,0,0,0,37,0,0,0,0,0,0,0,0,0,0,0,1,1,1,122.0,152810.1863922222,0.0,0,-0.6135808059544423,-0.3792592565160198
13771.0,Atlassian Connector for Eclipse (discontinued),1499,1,1,set(),2008-03-03 08:58:28.658,2015-05-28 15:01:14.892,6489.255670093767,617.3346425,0.0072341666666666,60634.14123916667,12102.684416997274,9727394.249470556,0,0,0,0,0,0,0,0,83,0,182,0,0,0,0,0,0,0,0,0,0,0,0,0,0,0,0,0,0,0,0,0,0,0,0,0,0,0,0,0,0,0,0,0,0,0,0,695,0,0,0,0,0,0,0,0,0,0,0,0,0,0,0,0,0,0,0,0,539,0,0,0,0,0,0,0,0,0,0,0,1,1,1,1499.0,9727394.249470556,0.0,0,-0.4432358007746837,-0.14684930152038253
13772.0,Atlassian Connector for IntelliJ IDE (discontinued),2889,1,1,set(),2008-01-04 06:35:46.533,2016-09-15 12:55:56.083,6199.856572912869,649.3814138888888,0.0144041666666666,60505.730261666664,11984.212034403334,17911385.639145277,0,0,0,0,0,0,0,0,137,0,39,0,0,0,0,0,0,0,0,0,0,0,0,0,0,0,0,0,0,0,0,0,0,0,0,0,0,0,0,0,0,0,0,0,0,0,0,1942,0,0,0,0,0,0,0,0,0,0,0,0,0,0,0,0,3,0,0,0,768,0,0,0,0,0,0,0,0,0,0,0,1,1,1,2889.0,17911385.639145277,0.0,0,-0.3802191192909246,-0.16270531077034567
13773.0,Atlassian Connector for Visual Studio (discontinued),454,1,1,set(),2009-11-25 11:23:30.889,2015-04-17 06:35:58.574,7595.873669130568,1353.122660972222,0.0159569444444444,46154.19917027778,11790.813422860248,3448526.6457852777,0,0,0,0,0,0,0,0,19,0,7,0,0,0,0,0,0,0,0,0,0,0,0,0,0,0,0,0,0,0,0,0,0,0,0,0,0,0,0,0,0,0,0,0,0,0,0,270,0,0,0,0,0,0,0,0,0,0,0,0,0,0,0,0,0,0,0,0,158,0,0,0,0,0,0,0,0,0,0,0,1,1,1,454.0,3448526.6457852777,0.0,0,-0.5307026644578241,-0.2496204326005592
13871.0,Atlassian Troubleshooting & Support Tools Plugin,405,1,1,set(),2011-12-16 06:50:43.347,2021-11-10 22:55:23.705,12578.12475195816,4876.8826225,0.0026591666666666,64755.23753777778,16096.09629822628,5094140.524543055,0,0,1,0,0,0,0,7,11,0,0,0,0,1,0,0,1,0,0,0,3,0,0,0,0,0,0,1,0,2,0,0,0,2,0,0,0,0,0,1,0,0,0,49,0,0,0,220,0,0,0,0,0,0,0,0,95,0,2,1,0,0,0,0,1,0,0,0,7,0,0,0,0,0,0,0,0,0,0,0,1,1,1,405.0,5094140.524543055,0.0,0,-0.4588538788717415,-0.07831795791062703
14087.0,JIRA Toolkit Plugin,47,1,1,set(),2006-09-05 00:32:21.872,2017-02-27 20:00:11.857,7965.115979361702,346.1953236111111,0.0024319444444444,72903.04169555556,15451.951056948525,374360.45103,0,0,0,0,0,0,0,3,1,0,5,0,0,0,0,0,0,0,0,0,0,0,0,0,0,0,0,0,0,0,0,0,0,0,0,0,0,0,0,0,0,0,0,1,0,0,0,31,0,0,0,0,0,0,0,0,6,0,0,0,0,0,0,0,0,0,0,0,0,0,0,0,0,0,0,0,0,0,0,0,1,1,1,47.0,374360.45103,0.0,0,-0.4467529654812348,-0.030403234919391384
14178.0,Subversion JIRA plugin,159,1,1,set(),2004-11-17 05:29:40.412,2016-10-07 10:26:00.216,4884.280956144305,207.75828055555556,0.0053847222222222,41824.42229638889,8858.581337301508,776600.6720269445,0,0,0,0,0,0,0,21,8,0,0,0,0,1,0,0,0,0,0,0,0,0,0,0,0,0,0,0,0,0,0,0,0,0,0,0,0,0,0,0,0,0,0,16,0,0,0,83,0,0,0,0,0,0,0,0,30,0,0,0,0,0,0,0,0,0,0,0,0,0,0,0,0,0,0,0,0,0,0,0,1,1,1,159.0,776600.6720269445,0.0,0,-0.5367782838806703,-0.19347747434145612
14472.0,Atlassian Connect,1280,1,1,set(),2011-11-24 06:45:17.000,2021-10-05 23:45:14.932,4121.10220623546,1196.8210598611113,0.0094683333333333,63531.3427925,9158.442183725352,5275010.8239813885,0,0,0,0,0,0,0,0,0,0,6,0,0,0,0,0,0,0,0,0,0,0,0,0,0,0,0,0,0,94,0,0,0,0,0,0,0,0,2,0,0,0,0,266,0,0,0,571,0,0,0,0,0,0,0,0,341,0,0,0,0,0,0,0,0,0,0,0,0,0,0,0,0,0,0,0,0,0,0,0,1,1,1,1280.0,5275010.8239813885,0.0,0,-0.4410273493175905,-0.12301061776944712
14510.0,Sourcetree for Windows,5199,3413,3417,set(),2012-09-26 11:49:35.000,2021-09-13 05:48:08.000,7829.700912034365,1241.6555555555556,0.0038888888888888,68463.28305555556,11072.73529020572,40706615.041666664,0,0,0,0,0,0,0,0,0,0,0,0,0,0,0,0,0,0,0,0,0,0,0,0,0,0,0,0,0,0,0,0,0,1020,0,0,0,0,0,0,0,0,0,0,0,0,0,4179,0,0,0,0,0,0,0,0,0,0,0,0,0,0,0,0,0,0,0,0,0,0,0,0,0,0,0,0,0,0,0,0,3413,3417,3417,1.5215100965759438,11912.968990830163,0.0008282363469242138,0,0.10287654109078033,-0.0009348723981890138
14613.0,Atlassian Cloud,6933,1693,1692,set(),1982-11-26 02:23:00.000,2021-12-30 14:58:23.000,10493.117136561052,1918.8975,0.0041666666666666,243090.86833333335,15081.645096197868,72748781.10777777,0,0,0,0,0,0,0,0,0,0,926,0,0,0,0,0,0,0,0,0,0,0,0,0,0,0,0,0,0,0,0,0,0,3411,0,0,0,0,0,0,0,0,0,0,0,0,0,2596,0,0,0,0,0,0,0,0,0,0,0,0,0,0,0,0,0,0,0,0,0,0,0,0,0,0,0,0,0,0,0,0,1693,1692,1693,4.095097460129947,42970.337334777185,0.00041778834929781245,0,0.7384584341921044,1.8862364961640934
15611.0,Jira Service Management Server and Data Center,4198,1530,1541,set(),2013-09-12 01:55:47.000,2021-12-15 11:37:50.000,19621.401899912657,11367.20986111111,0.0061111111111111,67316.73722222222,20198.499474229015,82370645.17583333,0,0,0,0,0,0,0,0,0,5,0,0,0,0,0,0,0,0,0,0,0,0,0,0,0,0,0,0,0,0,0,0,0,2533,0,0,0,0,0,0,0,0,0,0,0,0,0,1660,0,0,0,0,0,0,0,0,0,0,0,0,0,0,0,0,0,0,0,0,0,0,0,0,0,0,0,0,0,0,0,0,1530,1541,1541,2.7242050616482802,53452.72237237724,0.005065564697526553,0,0.07788497183904794,0.8999920990883503
16271.0,Maven JGit Flow,197,1,1,set(),2013-03-25 18:24:50.497,2015-09-15 16:51:35.164,3315.2951574887197,3105.2208241666667,0.0911577777777777,12881.624785833334,2649.637790493974,653113.1460252778,0,0,0,0,0,0,0,0,4,0,0,0,0,0,0,0,0,0,0,0,0,0,0,0,0,0,0,0,0,1,0,0,0,0,0,0,0,0,0,0,0,0,0,12,0,0,0,145,0,0,0,0,0,0,0,0,34,0,0,0,0,0,0,0,1,0,0,0,0,0,0,0,0,0,0,0,0,0,0,0,1,1,1,197.0,653113.1460252778,0.0,0,-0.6598456844969788,-0.5007210124931609
17771.0,Atlassian Connect in Jira Cloud,1381,1,1,set(),2012-11-07 05:42:31.000,2021-11-02 12:02:49.854,6716.229244802477,1173.0594619444444,0.0028283333333333,60303.36502333333,11778.29836378174,9275112.587072222,0,0,0,0,0,0,0,0,92,0,43,0,0,9,0,0,0,0,0,0,0,0,0,0,0,0,0,0,0,47,0,0,0,0,0,0,0,0,0,0,0,0,0,86,0,0,0,542,0,0,0,0,0,0,0,0,229,0,7,0,0,0,0,0,25,0,0,0,295,6,0,0,0,0,1,0,0,0,0,0,1,1,1,1381.0,9275112.587072222,0.0,0,-0.4509643439741855,-0.14775002401816928
17870.0,Confluence Ecosystem (Moved: go.atlassian.com/ce-move),693,1,1,set(),2012-04-19 00:22:33.000,2018-05-10 03:50:13.911,3784.7898574619207,621.2238516666666,0.0030633333333333,46710.699846111114,8220.649217648714,2622859.371221111,0,0,0,0,0,0,0,50,145,0,7,0,0,0,0,0,0,0,0,0,0,0,0,0,0,0,0,0,0,0,0,0,0,0,0,0,0,0,0,0,0,0,0,76,0,0,0,224,0,0,0,0,0,0,0,0,172,0,0,0,0,0,0,0,19,0,0,0,0,0,0,0,0,0,0,0,0,0,0,0,1,1,1,693.0,2622859.371221111,0.0,0,-0.4738318191885564,-0.0400587562838535
18170.0,Atlassian Accessibility,197,1,1,set(),2014-09-08 05:45:23.597,2018-04-02 16:18:07.650,1250.3814860674,348.1731813888889,0.0218180555555555,40005.581579722224,3126.6502336401277,246325.15275527776,0,0,0,0,0,0,0,0,0,0,0,0,0,0,0,0,0,0,0,0,0,0,0,0,0,0,0,0,0,0,0,0,0,0,0,0,0,0,0,0,0,0,0,0,0,0,0,197,0,0,0,0,0,0,0,0,0,0,0,0,0,0,0,0,0,0,0,0,0,0,0,0,0,0,0,0,0,0,0,0,1,1,1,197.0,246325.15275527776,0.0,0,-0.5607768344799654,-0.29481068253887993
18511.0,Jira Software Cloud,10029,3242,3263,set(),2007-06-14 06:25:23.000,2021-12-29 00:10:32.000,11781.381153405126,4077.473333333334,0.0047222222222222,112190.06527777776,16040.432481311347,118155471.5875,0,0,0,0,0,0,0,0,0,0,797,0,0,0,0,0,0,0,0,0,0,0,0,0,0,0,0,0,0,0,0,0,0,5715,0,0,0,0,0,0,0,0,0,0,0,0,0,3517,0,0,0,0,0,0,0,0,0,0,0,0,0,0,0,0,0,0,0,0,0,0,0,0,0,0,0,0,0,0,0,0,3242,3263,3263,3.0735519460619063,36210.68697134539,0.004565485750935434,0,0.6322997685561649,1.320581049585153
18512.0,Jira Service Management Cloud,3990,1347,1351,set(),2013-09-12 01:55:47.000,2021-12-27 09:32:03.000,15326.05311347814,8748.320555555556,0.0069444444444444,72074.13388888889,17405.368123332937,61150951.92277778,0,0,0,0,0,0,0,0,0,0,6,0,0,0,0,0,0,0,0,0,0,0,0,0,0,0,0,0,0,0,0,0,0,1966,0,0,0,0,0,0,0,0,0,0,0,0,0,2018,0,0,0,0,0,0,0,0,0,0,0,0,0,0,0,0,0,0,0,0,0,0,0,0,0,0,0,0,0,0,0,0,1347,1351,1351,2.9533678756476682,45263.47292581627,0.0020966843029993996,0,-0.07894361069311022,0.3031817229619677
18513.0,Confluence Cloud,20151,5438,5492,set(),2003-11-19 20:40:08.000,2021-12-22 18:31:23.000,19159.813232566343,14063.700833333334,0.0030555555555555,144151.03194444443,20184.429950543978,386089396.4494445,0,0,0,0,0,0,0,0,0,0,50,0,0,0,0,0,0,0,0,0,0,0,0,0,0,0,0,0,0,0,0,0,0,10639,0,0,0,0,0,0,0,0,0,0,0,0,0,9462,0,0,0,0,0,0,0,0,0,0,0,0,0,0,0,0,0,0,0,0,0,0,0,0,0,0,0,0,0,0,0,0,5438,5492,5492,3.669155134741442,70300.32710295785,0.006986965449967716,0,1.616862148270059,2.468306140486407
18514.0,Jira Cloud,22142,6451,6507,set(),2002-08-02 09:16:21.000,2021-12-29 20:27:08.000,24646.77263037064,18973.872083333335,0.0041666666666666,159244.16861111112,24174.552016992668,545728839.5816667,0,0,0,0,0,0,0,807,0,0,277,0,0,0,0,0,0,0,0,0,0,0,0,0,0,0,0,0,0,0,0,0,0,12736,0,0,0,0,0,0,0,0,0,0,0,0,0,8322,0,0,0,0,0,0,0,0,0,0,0,0,0,0,0,0,0,0,0,0,0,0,0,0,0,0,1,0,0,0,0,0,6451,6507,6507,3.4027969878592286,83867.96366707649,0.0061117425137284555,0,2.7144079516650916,6.3271033949904645
20070.0,Atlassian Connect JavaScript API,587,1,1,set(),2014-03-06 02:20:49.905,2021-07-26 01:50:35.432,7916.709436641113,504.18466,0.0679930555555555,52677.01463861111,14127.283359339574,4647108.439308333,0,0,0,0,0,0,0,0,138,0,1,1,0,0,0,0,0,0,0,0,0,0,0,0,0,0,0,0,0,29,0,0,0,0,0,0,0,0,0,0,0,0,0,49,0,0,0,222,0,0,0,0,0,0,0,0,112,0,0,0,0,0,0,0,8,0,1,0,26,0,0,0,0,0,0,0,0,0,0,0,1,1,1,587.0,4647108.439308333,0.0,0,-0.5051795312334375,-0.20018390876438924
20310.0,Bitbucket Cloud,17994,158,8950,set(),2008-06-13 12:35:48.000,2021-12-16 10:19:03.000,12788.83005182283,4844.316805555556,0.0,92534.43694444445,16965.562408979742,230122207.9525,0,0,0,0,0,0,0,0,0,0,0,0,0,0,0,0,0,0,0,0,0,0,0,0,0,0,0,0,0,0,0,0,0,5928,0,0,0,0,0,0,0,0,0,0,0,0,0,12066,0,0,0,0,0,0,0,0,0,0,0,0,0,0,0,0,0,0,0,0,0,0,0,0,0,0,0,0,0,0,0,0,158,8950,8950,2.0105027932960895,25711.97854217877,1.365147742686018,0,1.0803702736032814,1.0874529910328918
28139.0,Jira Performance Testing Tools,405,1,1,set(),2018-08-20 10:27:34.364,2021-12-22 08:34:17.627,1081.4947059176957,163.10890916666665,0.0056961111111111,21021.717209444443,2618.0871053435917,438005.35589666665,0,0,0,0,0,0,0,0,59,0,20,0,0,0,0,0,0,0,0,0,0,0,0,0,0,0,0,0,0,0,0,0,0,72,0,0,0,0,0,0,0,0,0,0,0,0,0,211,0,0,0,0,0,0,0,0,0,0,0,0,0,0,0,0,0,0,0,0,43,0,0,0,0,0,0,0,0,0,0,0,1,1,1,405.0,438005.35589666665,0.0,0,-0.6195408112317116,-0.42481426306657694
28269.0,Forge,72,1,1,set(),2019-11-26 12:16:40.246,2021-08-31 22:07:47.417,2993.688686724537,1884.87680375,0.0,14965.478908055557,3377.4431794283864,215545.58544416667,0,0,0,0,0,0,0,0,0,0,0,0,0,0,0,0,0,0,0,0,0,0,0,0,0,0,0,0,0,0,0,0,0,36,0,0,0,0,0,0,0,0,0,0,0,0,0,36,0,0,0,0,0,0,0,0,0,0,0,0,0,0,0,0,0,0,0,0,0,0,0,0,0,0,0,0,0,0,0,0,1,1,1,72.0,215545.58544416667,0.0,0,-0.6557697186904867,-0.4758964657338277
28289.0,Server Platform Frontend,549,1,1,set(),2019-03-22 10:48:52.022,2021-12-01 01:56:18.236,1648.6489500718478,478.20887444444446,0.0032386111111111,20603.863061666667,2807.204788189825,905108.2735894443,0,0,0,0,0,0,0,0,328,0,57,0,0,0,0,0,0,0,0,0,0,0,0,0,0,0,0,0,0,0,0,0,0,0,0,0,0,0,0,0,0,0,0,0,0,0,0,56,0,0,0,0,0,0,0,0,0,0,0,0,0,0,0,0,12,0,0,0,96,0,0,0,0,0,0,0,0,0,0,0,1,1,1,549.0,905108.2735894443,0.0,0,-0.6257738194030041,-0.44273329275326045
12310050.0,JBoss Web Services,3789,418,418,set(),2004-10-06 06:04:10.000,2021-12-15 15:49:44.000,3888.936409636081,769.8472222222222,0.0022222222222222,83938.56777777777,8631.55380048595,14735180.05611111,75,0,0,0,0,0,0,0,1153,0,369,0,0,0,0,0,0,0,0,0,0,0,2,0,0,536,0,0,0,0,0,0,0,0,0,0,10,0,0,0,0,0,0,0,0,2,0,1605,0,0,0,0,0,36,0,0,0,0,0,0,0,0,0,0,0,0,0,1,0,0,0,0,0,0,0,0,0,0,0,0,418,418,418,9.064593301435407,35251.626928495476,0.0,0,-0.24793228815642238,0.0034552779909570574
12310150.0,JBoss ESB,3453,177,177,set(),2003-09-17 05:23:10.000,2021-05-19 08:24:14.000,2233.792202593558,111.2063888888889,0.0016666666666666,82706.1711111111,9150.159926085267,7713284.475555556,6,0,0,0,0,0,0,0,1056,0,127,0,0,0,0,0,0,0,0,0,0,0,0,0,0,496,0,0,0,0,0,0,0,0,0,0,9,0,0,0,0,0,0,0,0,0,0,1759,0,0,0,0,0,0,0,0,0,0,0,0,0,0,0,0,0,0,0,0,0,0,0,0,0,0,0,0,0,0,0,0,177,177,177,19.508474576271187,43577.87839296924,0.0,0,-0.276598680459656,0.0006208553321759082
12310200.0,JBoss Transaction Manager,3214,188,190,set(),2005-12-23 17:03:04.000,2021-12-15 11:49:24.000,4033.56721254235,426.3926388888889,0.0022222222222222,111213.5963888889,9729.71317450126,12963885.02111111,235,0,0,0,0,0,0,0,882,0,86,0,0,0,0,0,0,0,0,0,0,0,0,0,0,437,0,0,0,0,0,0,0,0,0,0,0,0,0,0,0,0,0,0,0,0,0,1558,0,0,0,0,0,16,0,0,0,0,0,0,0,0,0,0,0,0,0,0,0,0,0,0,0,0,0,0,0,0,0,0,188,190,190,16.91578947368421,68230.97379532164,0.007482611441127488,0,-0.18340115777763807,0.21958444603598604
12310210.0,JBRULES,2648,597,597,set(),2005-12-05 10:17:10.000,2013-01-25 04:57:37.000,3914.9641919478017,466.1062500000001,0.0033333333333333,119811.9186111111,10520.54841215674,10366825.180277778,30,0,0,0,0,0,0,0,185,0,154,0,0,0,0,0,0,0,0,0,0,0,1,0,0,754,0,0,0,0,0,0,0,0,0,0,39,0,0,0,0,0,0,0,0,0,0,1467,0,0,0,0,0,1,0,0,0,0,0,0,0,0,0,0,0,10,0,7,0,0,0,0,0,0,0,0,0,0,0,0,597,597,597,4.435510887772194,17364.866298622743,0.0,0,-0.13431714932643754,0.27719077819250254
12310271.0,PicketBox ,827,82,82,set(),2006-09-05 13:15:33.000,2020-02-20 03:39:57.000,1927.2314204621791,14.851111111111113,0.0041666666666666,48667.81722222222,5746.197653990604,1593820.384722222,17,0,0,0,0,0,0,0,245,0,74,0,0,0,0,0,0,0,0,0,0,0,0,0,0,162,0,0,0,0,0,0,0,0,0,0,9,0,0,0,0,0,0,0,0,0,0,235,0,0,0,0,0,3,0,0,0,0,0,0,0,0,0,0,0,82,0,0,0,0,0,0,0,0,0,0,0,0,0,0,82,82,82,10.085365853658537,19436.8339600271,0.0,0,-0.5068895095051087,-0.23386728048065403
12310320.0,JBoss Enterprise Application Platform 4 and 5,5930,376,369,set(),2007-03-01 20:38:17.000,2020-11-30 09:48:25.000,6662.349539066891,628.9911111111111,0.0022222222222222,96927.75055555555,16087.598244353096,39507732.766666666,75,0,0,0,0,0,0,0,1215,0,579,0,0,0,0,0,0,0,0,0,0,0,107,0,0,395,11,0,0,0,0,0,0,0,0,0,8,0,0,0,0,0,0,0,0,0,0,3439,0,0,0,0,0,89,0,0,0,0,0,0,0,0,0,0,0,0,0,12,0,0,0,0,0,0,0,0,0,0,0,0,376,369,376,15.77127659574468,105073.75735815603,0.013287912666592839,0,-0.10919750040089905,0.08117374172267652
12310330.0,jboss.org,1821,161,175,set(),2007-05-22 09:55:14.000,2021-12-02 12:40:38.000,10440.625844163767,526.2197222222222,0.0016666666666666,102139.275,21702.368163113264,19012379.66222222,0,0,0,0,0,0,0,0,0,0,88,0,0,0,0,0,0,0,0,0,0,0,0,0,0,0,0,0,0,0,0,0,0,0,0,0,0,0,0,0,0,0,0,0,0,0,0,616,0,0,0,0,0,0,0,0,0,0,0,0,0,0,0,0,8,44,0,0,1065,0,0,0,0,1,0,0,0,0,0,0,161,175,175,10.405714285714286,108642.1694984127,0.05892556509887896,0,-0.2739907243847849,0.1637355448545722
12310460.0,JBoss Enterprise SOA Platform,3110,150,150,set(),2007-03-15 10:46:49.000,2012-01-12 08:14:49.000,3276.2520566273665,821.7466666666667,0.0041666666666666,34212.200833333336,5269.479030600487,10189143.89611111,13,0,0,0,0,0,0,0,479,0,59,0,0,0,0,0,0,0,0,0,0,0,3,0,0,246,1,0,0,0,0,0,0,0,0,0,1,0,0,0,0,0,0,0,0,1,0,2298,0,0,0,0,0,0,0,0,0,0,0,0,0,0,0,0,0,1,0,8,0,0,0,0,0,0,0,0,0,0,0,0,150,150,150,20.733333333333334,67927.62597407406,0.0,0,-0.44875840839537445,-0.37015248009472357
12310500.0,Red Hat CodeReady Studio (devstudio),4070,308,310,set(),2007-03-16 05:46:49.000,2021-12-22 22:32:05.000,4441.58706981982,553.02625,0.0019444444444444,120679.4238888889,14650.110697713371,18077259.374166667,148,0,0,0,0,0,0,0,912,0,272,0,0,0,0,0,0,0,0,0,0,0,1,0,0,563,0,0,0,0,0,0,0,0,0,0,2,0,0,0,0,0,0,0,0,0,0,2096,0,0,0,0,0,3,0,0,0,0,0,0,0,0,0,0,59,0,0,3,11,0,0,0,0,0,0,0,0,0,0,0,308,310,310,13.129032258064516,58313.73991666667,0.004576742920301279,0,-0.10583317944492814,0.28097489125056985
12310560.0,RESTEasy,2626,761,769,set(),2008-02-27 20:07:01.000,2021-12-15 18:23:29.000,5849.654431539308,680.5663888888889,0.0013888888888888,79855.32,12875.22302314494,15361192.53722222,149,0,0,0,0,0,0,0,405,0,94,0,0,0,0,0,0,0,0,0,0,0,1,0,0,341,0,0,0,0,0,0,0,0,0,0,13,0,0,0,0,0,0,0,0,0,0,1428,0,0,0,0,0,166,0,0,0,0,0,0,0,0,0,0,0,24,0,5,0,0,0,0,0,0,0,0,0,0,0,0,761,769,769,3.4148244473342,19975.542961277268,0.007394580718290694,0,-0.2659529644273776,-0.030750935409494074
12310691.0,IronJacamar,1355,101,102,set(),2004-12-14 16:48:08.000,2021-09-17 12:56:59.000,1787.8508907339076,167.1611111111111,0.0019444444444444,60815.50194444445,6730.86726406032,2422537.9569444447,16,0,0,0,0,0,0,0,560,0,14,0,0,0,0,0,0,0,0,0,0,0,1,0,0,41,320,0,0,0,0,0,0,0,0,0,5,0,0,0,0,0,0,0,0,0,0,305,0,0,0,0,0,0,0,0,0,0,0,0,0,0,0,0,0,93,0,0,0,0,0,0,0,0,0,0,0,0,0,0,101,102,102,13.284313725490197,23750.37212690632,0.0069665692727738674,0,-0.44718077479271184,-0.1446259676419135
12310782.0,Teiid,5683,305,305,set(),2001-10-31 00:00:00.000,2021-10-05 00:44:06.000,3272.7063277904867,84.36305555555556,0.0094444444444444,132070.18083333335,10103.380672551337,18598790.060833335,608,0,0,0,0,0,0,0,405,0,305,0,0,0,0,0,0,0,0,0,0,0,0,0,0,828,0,0,0,0,0,0,0,0,0,0,2,0,0,0,0,0,0,0,0,0,0,2981,0,0,0,0,0,9,0,0,0,0,0,0,0,0,0,0,0,1,0,544,0,0,0,0,0,0,0,0,0,0,0,0,305,305,305,18.632786885245903,60979.63954371585,0.0,0,-0.005102657542218796,0.35464529091071306
12310783.0,Teiid Designer,3099,153,158,set(),2005-12-01 00:00:00.000,2020-08-10 00:17:26.000,9996.73460551791,1055.64,0.0058333333333333,109575.8775,17665.39294789161,30979880.5425,294,0,0,0,0,0,0,0,245,0,88,0,0,0,0,0,0,0,0,0,0,0,0,0,0,386,0,0,0,0,0,0,0,0,0,0,1,0,0,0,0,0,0,0,0,0,0,2044,0,0,0,0,0,2,0,0,0,0,0,0,0,0,0,0,0,1,0,38,0,0,0,0,0,0,0,0,0,0,0,0,153,158,158,19.61392405063291,196075.19330696203,0.022736552449728217,0,-0.1829981327492636,0.20484257242631324
12310794.0,Visual Design,1653,82,95,set(),2007-05-18 10:22:46.000,2021-12-01 21:09:11.000,3273.9892160717886,1012.2586111111112,0.0047222222222222,70371.20222222223,6288.724234809615,5411904.174166666,0,0,0,0,0,0,0,0,0,0,114,0,0,0,0,0,0,0,0,0,0,0,0,0,0,0,0,0,0,0,0,0,0,0,0,0,0,0,0,0,0,0,0,0,0,0,0,29,0,0,0,0,0,0,0,0,0,0,0,0,0,0,0,0,144,0,0,0,1366,0,0,0,0,1,0,0,0,3,0,0,82,95,95,17.4,56967.41235964912,0.10386879271666799,0,-0.4134111880865234,-0.07073731021356731
12310799.0,Infinispan,11012,559,568,set(),2009-03-03 10:56:12.000,2021-12-21 21:09:56.000,3932.7135675979744,245.35930555555555,0.0033333333333333,83828.6925,10299.541231549578,43307041.80638889,1920,0,0,0,0,0,0,0,1146,0,471,0,0,0,0,0,0,0,0,0,0,0,0,0,0,1175,1,0,0,0,0,0,0,0,0,0,6,0,0,0,0,0,0,0,0,0,0,5733,0,0,0,0,0,553,0,0,0,0,0,0,0,0,0,0,0,1,0,6,0,0,0,0,0,0,0,0,0,0,0,0,559,568,568,19.387323943661972,76244.7919126565,0.01129363093288186,0,0.03636560769745068,-0.060968058143083724
12310885.0,Arquillian,1706,233,233,set(),2009-08-06 08:08:24.000,2021-07-13 19:27:50.000,2990.843023967695,224.7913888888889,0.0063888888888888,53283.70861111111,6787.737718501545,5102378.198888889,175,0,0,0,0,0,0,0,205,0,42,0,0,0,0,0,0,0,0,0,0,0,0,0,0,523,0,0,0,0,0,0,0,0,0,0,3,0,0,0,0,0,0,0,0,1,0,559,0,0,0,0,0,95,0,0,0,0,0,0,0,0,0,0,0,101,0,2,0,0,0,0,0,0,0,0,0,0,0,0,233,233,233,7.3218884120171674,21898.618879351452,0.0,0,-0.4489004205783432,-0.20867458271862543
12310890.0,Errai,962,162,162,set(),2009-09-30 12:18:37.000,2020-06-08 11:11:44.000,2129.5795195195196,193.91041666666663,0.0019444444444444,38130.14027777778,4547.166604049073,2048655.4977777775,102,0,0,0,0,0,0,0,91,0,1,0,0,0,0,0,0,0,0,0,0,0,0,0,0,268,0,0,0,0,0,0,0,0,0,0,0,0,0,0,0,0,0,0,0,0,0,487,0,0,0,0,0,9,0,0,0,0,0,0,0,0,0,0,0,0,0,4,0,0,0,0,0,0,0,0,0,0,0,0,162,162,162,5.938271604938271,12646.02159122085,0.0,0,-0.5289112635791061,-0.31854213937702436
12310891.0,Weld,2474,453,453,set(),2008-06-02 09:35:35.000,2021-12-16 14:39:43.000,2640.773054432768,329.34555555555556,0.0075,65197.529444444444,6810.7696800598205,6533272.536666667,162,0,0,0,0,0,0,0,474,0,92,0,0,0,0,0,0,0,0,0,0,0,0,0,0,306,0,0,0,0,0,0,0,0,0,0,0,0,0,0,0,0,0,0,0,0,0,1440,0,0,0,0,0,0,0,0,0,0,0,0,0,0,0,0,0,0,0,0,0,0,0,0,0,0,0,0,0,0,0,0,453,453,453,5.4613686534216335,14422.235180279618,0.0,0,-0.34797681078196724,-0.13350526441438146
12310930.0,ModeShape,2631,251,253,set(),2008-01-21 20:48:30.000,2019-03-06 18:55:58.000,2389.649178702648,151.83583333333334,0.0047222222222222,67720.76805555556,6352.002301702554,6287166.989166667,190,0,0,0,0,0,0,0,347,0,198,0,0,0,0,0,0,0,0,0,0,0,0,0,0,479,1,0,0,0,0,0,0,0,0,0,1,0,0,0,0,0,0,0,0,0,0,1367,0,0,0,0,0,46,0,0,0,0,0,0,0,0,0,0,0,0,0,2,0,0,0,0,0,0,0,0,0,0,0,0,251,253,253,10.399209486166008,24850.462407773386,0.005611958580845616,0,-0.35355727532616726,-0.10910810504636578
12311104.0,SwitchYard,2528,99,99,set(),2010-11-03 13:30:24.000,2018-09-26 06:32:54.000,1512.6548988001057,308.44124999999997,0.0147222222222222,74528.45805555556,3920.153775698898,3823991.5841666665,324,0,0,0,0,0,0,0,494,0,138,0,0,0,0,0,0,0,0,0,0,0,0,0,0,332,0,0,0,0,0,0,0,0,0,0,1,0,0,0,0,0,0,0,0,0,0,1230,0,0,0,0,0,8,0,0,0,0,0,0,0,0,0,0,0,0,0,1,0,0,0,0,0,0,0,0,0,0,0,0,99,99,99,25.535353535353536,38626.17761784512,0.0,0,-0.3474698380203448,-0.051868551592443975
12311211.0,Application Server 7,5427,659,659,set(),2006-04-19 09:53:41.000,2013-04-19 10:06:49.000,1299.0190367094567,300.5597222222222,0.0013888888888888,49102.44666666666,2533.793429501244,7049776.312222222,202,0,0,0,0,0,0,0,876,0,336,0,25,0,0,0,0,0,2,0,0,0,0,0,0,871,3,0,0,0,0,0,0,0,0,0,1,0,0,0,0,0,0,0,0,0,0,2944,0,0,0,0,0,138,14,0,0,0,0,0,0,0,0,0,2,1,0,11,1,0,0,0,0,0,0,0,0,0,0,0,659,659,659,8.235204855842186,10697.687878941157,0.0,0,-0.28195513747036344,-0.28440254683460864
12311621.0,AeroGear,9471,232,232,set(),2011-10-31 15:51:53.000,2021-01-08 16:03:32.000,3747.479871332372,433.1983333333333,0.0,67102.28916666667,8780.772276689238,35492381.86138889,631,0,0,0,0,0,3,7,3485,0,1294,0,3,0,22,0,0,0,4,1,0,0,0,0,0,1933,0,0,0,163,0,0,0,0,0,1,0,2,0,0,0,0,0,0,0,0,0,1373,0,0,1,1,0,21,3,0,0,0,0,0,16,2,0,0,492,1,0,1,10,0,0,0,1,0,0,0,0,0,0,0,232,232,232,40.82327586206897,152984.40457495212,0.0,0,-0.1871792672949995,-0.11190390748845558
12311820.0,Forge,2326,210,211,set(),2010-10-22 11:34:26.000,2021-09-04 15:18:55.000,3060.0226111827646,77.29055555555556,0.0025,86234.57555555555,8809.988719814619,7117612.593611111,370,0,0,0,0,0,0,0,103,0,270,0,0,0,0,0,0,0,0,0,0,0,0,0,0,656,0,0,0,0,0,0,0,0,0,0,4,0,0,0,0,0,0,0,0,0,0,770,0,0,0,0,0,131,0,0,0,0,0,0,0,0,0,0,0,0,0,22,0,0,0,0,0,0,0,0,0,0,0,0,210,211,211,11.023696682464456,33732.76110716166,0.0033591771077745728,0,-0.31203374610002743,0.0384749435419488
12312221.0,JBoss Developer Materials,741,86,86,set(),2011-11-22 08:31:02.000,2021-12-15 14:08:17.000,3168.3547016044386,199.18083333333337,0.0027777777777777,58946.71805555555,6594.23076044299,2347750.833888889,72,0,0,0,0,0,0,0,62,0,33,0,2,0,0,0,0,0,0,0,0,0,0,0,0,214,0,0,0,0,0,0,0,0,0,0,2,0,0,0,0,0,0,0,0,0,0,302,0,0,0,0,0,41,7,0,0,0,0,0,0,5,0,0,0,1,0,0,0,0,0,0,0,0,0,0,0,0,0,0,86,86,86,8.616279069767442,27299.42830103359,0.0,0,-0.4699148337312499,-0.15594925631462248
12312521.0,Undertow,1585,520,527,set(),2012-02-29 14:31:16.000,2021-12-13 13:59:49.000,1933.0033978268489,80.93388888888889,0.0038888888888888,62401.30694444444,5779.208966734419,3063810.3855555556,124,0,0,0,0,0,0,6,45,0,39,0,11,0,0,0,0,0,0,0,0,0,0,0,0,196,0,0,0,6,0,0,0,0,0,1,0,0,0,0,2,0,0,0,0,0,0,1147,0,0,0,0,0,5,1,0,0,0,0,0,0,0,0,0,0,0,0,0,1,0,0,0,1,0,0,0,0,0,0,0,520,527,527,3.0075901328273247,5813.681946025722,0.009455105001539317,0,-0.374510630271473,-0.12616462205107573
12313021.0,Drools,5171,700,705,set(),2007-08-12 10:24:54.000,2022-01-04 11:28:03.000,3624.967650733793,314.6872222222222,0.0025,119810.86972222224,10184.290139560284,18744707.721944444,704,0,0,0,0,0,0,0,963,0,211,0,0,0,0,0,0,0,0,0,0,0,0,0,0,364,0,0,0,0,0,0,0,0,0,0,2,0,0,0,0,0,0,0,0,0,0,2786,0,0,0,0,0,10,0,0,0,0,0,0,0,0,0,0,48,2,0,5,76,0,0,0,0,0,0,0,0,0,0,0,700,705,705,7.334751773049645,26588.237903467296,0.005032788478196068,0,-0.03333939529193998,0.25445054040207266
12313221.0,OptaPlanner,2000,139,139,set(),2007-02-03 09:16:29.000,2021-12-15 10:20:09.000,4799.805756805556,872.4644444444444,0.0038888888888888,99688.09083333334,9368.67409975232,9599611.513611112,376,0,0,0,0,0,0,0,600,0,19,0,0,0,0,0,0,0,0,0,0,0,0,0,0,254,0,0,0,0,0,0,0,0,0,0,0,0,0,0,0,0,0,0,0,0,0,562,0,0,0,0,0,0,0,0,0,0,0,0,0,0,0,0,36,0,0,0,153,0,0,0,0,0,0,0,0,0,0,0,139,139,139,14.388489208633093,69061.95333533174,0.0,0,-0.2822774325334134,0.1455399368573767
12313422.0,JBoss Enterprise Application Platform,16072,550,628,set(),2013-01-22 10:29:16.000,2021-12-22 16:59:11.000,3182.9762786557712,742.1641666666667,0.0025,55990.78472222222,6537.692033962567,51156794.75055555,714,1,0,0,0,0,4,10,689,0,154,0,10,0,0,0,0,0,60,0,0,0,6,0,0,164,0,0,0,208,0,2,0,0,0,4,0,1,0,0,1,0,0,0,0,1,6,12088,0,0,1,0,0,1614,1,0,0,0,0,0,0,171,0,0,8,146,0,4,1,0,0,0,3,0,0,6382,0,0,0,0,550,628,628,25.59235668789809,81459.864252477,0.09364062637105383,0,0.22341552413054555,-0.2998912541711792
12313621.0,Red Hat Developer Website,5250,162,173,set(),2012-03-14 15:45:50.000,2020-12-09 04:45:51.000,2044.6269857671955,503.1034722222222,0.0036111111111111,29711.93,3640.911724652859,10734291.675277775,0,0,0,0,0,0,0,0,0,0,105,0,0,0,0,0,0,0,0,0,0,0,0,0,0,0,0,0,0,0,0,0,0,0,0,0,0,0,0,0,0,0,0,0,0,0,0,1889,0,0,3,0,0,0,0,0,0,0,0,0,0,0,0,0,280,0,0,0,2973,0,0,0,0,0,0,0,0,0,0,0,162,173,173,30.346820809248555,62047.92875883107,0.046436863242101625,0,-0.42246517312914783,-0.41036026886979315
12313721.0,WildFly,11679,1397,1404,set(),2009-08-31 11:00:10.000,2021-12-20 20:42:30.000,3360.998439863573,344.80555555555554,0.0047222222222222,106536.11416666668,8539.175363731501,39253100.77916667,725,0,0,0,0,0,0,0,1361,0,616,0,0,0,0,0,0,0,0,0,0,0,0,0,0,1011,2,0,0,0,0,0,0,0,0,0,0,0,0,0,0,0,0,0,0,0,0,6278,0,0,0,0,0,1686,0,0,0,0,0,0,0,0,0,0,0,0,0,0,0,0,0,0,0,0,0,0,0,0,0,0,1397,1404,1404,8.318376068376068,27958.048988010447,0.0035342716660520046,0,0.21672306324366608,0.08297018430289343
12313728.0,WINDUP - Red Hat Application Migration Toolkit,2489,85,89,set(),2013-05-09 08:17:25.000,2021-12-17 13:49:05.000,2954.6635203785545,646.3433333333334,0.0102777777777777,52544.34611111111,6152.846356272438,7354157.502222222,459,0,0,0,0,0,0,0,478,0,139,0,0,0,0,0,0,0,0,0,0,0,0,0,0,243,0,0,0,0,0,0,0,0,0,0,0,0,0,0,0,0,0,0,0,0,0,1008,0,0,0,0,0,0,0,0,0,0,0,0,4,0,0,0,22,0,0,0,136,0,0,0,0,0,0,0,0,0,0,0,85,89,89,27.96629213483146,82630.9831710362,0.03251065660627805,0,-0.43406499788883807,-0.2169446407294461
12313920.0,Keycloak,14556,3445,3444,set(),2013-07-09 11:43:44.000,2021-12-30 03:10:58.000,4088.569721764221,878.0544444444445,0.0,55134.467777777776,6746.965273751171,59513220.87,2302,0,0,0,0,0,0,0,2570,0,840,0,0,0,0,0,0,0,0,0,0,0,0,0,0,1616,0,0,0,0,0,0,0,0,0,0,0,0,0,0,0,0,0,0,0,0,0,6980,0,0,0,0,0,0,0,0,0,0,0,0,0,0,0,0,145,0,0,0,103,0,0,0,0,0,0,0,0,0,0,0,3445,3444,3445,4.225253991291727,17275.24553555878,0.0002052857544452163,0,0.28632626642019615,-0.3785404512676132
12314020.0,HAL,1497,150,150,set(),2011-07-18 06:15:49.000,2021-11-29 09:20:53.000,4222.992491464411,560.3127777777778,0.0022222222222222,47965.1,7841.71956495068,6321819.759722223,229,0,0,0,0,0,0,0,57,0,77,0,0,0,0,0,0,0,0,0,0,0,0,0,0,220,0,0,0,0,0,0,0,0,0,0,0,0,0,0,0,0,0,0,0,0,0,914,0,0,0,0,0,0,0,0,0,0,0,0,0,0,0,0,0,0,0,0,0,0,0,0,0,0,0,0,0,0,0,0,150,150,150,9.98,42145.465064814816,0.0,0,-0.47129779461407123,-0.24875543191322655
12314121.0,apiman (API Management),916,82,82,set(),2014-04-24 13:31:10.000,2020-11-04 10:38:17.000,1204.5821976589034,167.76680555555555,0.0013888888888888,21075.387777777774,2586.957115912935,1103397.2930555556,165,0,0,0,0,0,0,0,119,0,119,0,0,0,0,0,0,0,0,0,0,0,0,0,0,102,0,0,0,0,0,0,0,0,0,0,0,0,0,0,0,0,0,0,0,0,0,411,0,0,0,0,0,0,0,0,0,0,0,0,0,0,0,0,0,0,0,0,0,0,0,0,0,0,0,0,0,0,0,0,82,82,82,11.170731707317072,13456.064549457995,0.0,0,-0.5999784193946847,-0.44539955319265584
12314558.0,AppFormer,1931,97,97,set(),2010-05-19 10:25:17.000,2021-12-14 06:25:04.000,3282.9349856148224,842.0208333333334,0.0030555555555555,88851.49277777778,7992.239038231882,6339347.457222222,0,0,0,0,0,0,0,0,760,0,50,0,0,0,0,0,0,0,0,0,0,0,0,0,0,0,0,0,0,0,0,0,0,0,0,0,0,0,0,0,0,0,0,177,0,0,0,830,0,0,0,0,0,0,0,0,0,0,0,0,0,0,0,0,85,0,0,0,29,0,0,0,0,0,0,0,0,0,0,0,97,97,97,19.90721649484536,65354.09749713631,0.0,0,-0.31995500260424986,0.06250014685865558
12314570.0,Red Hat Fuse,13077,369,368,set(),2011-01-21 22:00:31.000,2021-12-23 12:40:33.000,2685.7039195619113,644.4575,0.0036111111111111,63603.83555555555,5208.977241971783,35120950.156111114,1255,0,0,0,0,0,0,0,1412,0,678,0,56,0,0,0,0,0,0,0,0,2,0,0,0,657,0,0,0,156,0,0,0,0,0,0,0,0,0,0,0,0,0,0,0,0,0,8727,0,0,0,0,0,62,0,0,0,0,0,0,0,0,0,0,72,0,0,0,0,0,0,0,0,0,0,0,0,0,0,0,369,368,369,35.4390243902439,95178.72671032822,0.001918878646367836,0,0.06936680828278419,-0.24028997224183193
12314573.0,Fuse Tooling,2749,142,140,set(),2011-01-05 16:16:58.000,2022-01-04 09:48:27.000,3420.7087618730043,528.8469444444445,0.0019444444444444,55687.60694444445,7015.655038260183,9403528.386388889,474,0,0,0,0,0,0,0,544,0,305,0,0,0,0,0,0,0,0,0,0,0,0,0,0,118,0,0,0,60,0,0,0,0,0,0,0,0,0,0,0,0,0,0,0,0,0,1227,0,0,0,0,0,0,0,0,0,0,0,0,0,0,0,0,15,0,0,0,6,0,0,0,0,0,0,0,0,0,0,0,142,140,142,19.359154929577464,66222.0308900626,0.01002988342108578,0,-0.40673200924992337,-0.1971363444081441
12314575.0,JBoss A-MQ,1469,151,150,set(),2011-08-24 20:43:39.000,2021-10-22 21:21:24.000,3764.0141004840784,651.2683333333333,0.0022222222222222,60825.24361111111,8266.174431461512,5529336.713611111,170,0,0,0,0,0,0,0,139,0,31,0,0,0,0,0,0,0,0,0,0,0,0,0,0,0,0,0,0,0,0,0,0,0,0,0,0,0,0,0,0,0,0,0,0,0,0,1129,0,0,0,0,0,0,0,0,0,0,0,0,0,0,0,0,0,0,0,0,0,0,0,0,0,0,0,0,0,0,0,0,151,150,151,9.728476821192054,36618.123931199414,0.004698383928149818,0,-0.42032188284322336,-0.15245043642404513
12314577.0,FUSE Mediation Router,814,79,79,set(),2007-07-20 14:00:57.000,2015-01-12 11:35:23.000,1814.150119096369,111.63236111111112,0.0022222222222222,59646.326944444445,5671.060113910174,1476718.1969444444,159,0,0,0,0,0,0,0,128,0,48,0,0,0,0,0,0,0,0,0,0,0,0,0,0,56,0,0,0,62,0,0,0,0,0,0,0,0,0,0,0,0,0,0,0,0,0,361,0,0,0,0,0,0,0,0,0,0,0,0,0,0,0,0,0,0,0,0,0,0,0,0,0,0,0,0,0,0,0,0,79,79,79,10.30379746835443,18692.635404360055,0.0,0,-0.46479596293266656,-0.15117695067529904
12315320.0,WildFly Elytron,1860,71,71,set(),2011-09-23 08:10:28.000,2022-01-04 19:36:33.000,2501.113933990442,353.17833333333334,0.0038888888888888,60191.79888888889,5505.07905856243,4652071.917222222,244,0,0,0,0,0,0,0,338,0,61,0,2,0,0,0,0,0,1,0,0,0,0,0,0,157,0,0,0,0,0,0,0,0,0,0,0,0,0,0,0,0,0,0,0,0,0,795,0,0,0,0,0,49,0,0,0,0,0,0,0,1,0,0,0,212,0,0,0,0,0,0,0,0,0,0,0,0,0,0,71,71,71,26.197183098591548,65522.13967918623,0.0,0,-0.4279937904044011,-0.15424885131079905
12315422.0,WildFly Core,4495,345,356,set(),2010-01-26 13:23:12.000,2021-12-14 23:06:25.000,2650.1004720059323,228.1836111111111,0.0063888888888888,88241.03416666666,7287.12806097623,11912201.621666666,424,0,0,0,0,0,0,0,561,0,98,0,0,0,0,0,0,0,0,0,0,0,0,0,0,303,0,0,0,0,0,0,0,0,0,0,0,0,0,0,0,0,0,0,0,0,0,2262,0,0,0,0,0,847,0,0,0,0,0,0,0,0,0,0,0,0,0,0,0,0,0,0,0,0,0,0,0,0,0,0,345,356,356,12.626404494382022,33461.24051029963,0.02219165361783744,0,-0.2051909642429997,0.030222699690415585
12315720.0,FeedHenry,2191,75,76,set(),2015-02-11 11:41:04.000,2019-03-24 10:15:55.000,4058.753992342411,987.9319444444444,0.0,31150.91638888889,5433.797044738283,8892729.997222222,189,0,0,0,0,0,2,0,1037,0,217,0,1,0,0,0,0,0,0,0,0,0,0,0,0,253,0,0,1,43,0,0,0,0,0,0,0,0,0,0,0,0,0,0,0,0,0,217,0,0,0,0,0,1,0,0,0,0,0,0,0,2,0,0,191,0,0,6,31,0,0,0,0,0,0,318,0,0,0,0,75,76,76,28.82894736842105,117009.60522660818,0.00936565273094765,0,-0.5385078910231386,-0.3722562271049259
12315920.0,Hawkular,1244,53,53,set(),2015-01-15 20:04:39.000,2017-12-15 05:14:28.000,2739.5496766702395,484.6923611111111,0.0205555555555555,24496.815833333338,4584.980112156979,3407999.797777778,255,0,0,0,0,0,0,0,120,0,183,0,0,0,0,0,0,0,0,0,0,0,0,0,0,105,0,0,0,0,0,0,0,0,0,0,0,0,0,0,0,0,0,0,0,0,0,554,0,0,0,0,0,0,0,0,0,0,0,0,0,0,0,0,1,0,0,0,26,0,0,0,0,0,0,0,0,0,0,0,53,53,53,23.471698113207548,64301.88297693921,0.0,0,-0.5787437407862485,-0.420995570687149
12315922.0,JBoss Web Server,862,88,90,set(),2014-03-31 14:42:15.000,2021-11-26 08:43:48.000,3777.067265725703,1343.1541666666667,0.0136111111111111,37275.53055555555,5705.864795439309,3255831.9830555557,0,0,0,0,0,0,0,0,61,0,37,0,0,0,0,0,0,0,0,0,0,0,2,0,0,0,0,0,0,0,0,0,0,0,0,0,0,0,0,0,0,0,0,0,0,0,0,720,0,0,0,0,0,1,0,0,0,0,0,0,0,37,0,0,4,0,0,0,0,0,0,0,0,0,0,21,0,0,0,0,88,90,90,9.577777777777778,36175.91092283951,0.01589004002666399,0,-0.5347535985126228,-0.32445963934147704
12315940.0,AMQ Interconnect,683,49,49,set(),2015-04-30 10:20:37.000,2021-11-10 04:32:29.000,4616.549989019034,1299.0555555555557,0.0027777777777777,52018.2525,7722.332608339125,3153103.6425,83,0,0,0,0,0,0,0,301,0,55,0,0,0,0,0,0,0,0,0,0,0,0,0,0,0,0,0,0,0,0,0,0,0,0,0,0,0,0,0,0,0,0,0,0,0,0,176,0,0,0,0,0,0,0,0,0,0,0,0,0,0,0,0,68,0,0,0,0,0,0,0,0,0,0,0,0,0,0,0,49,49,49,13.938775510204081,64349.05392857143,0.0,0,-0.5024101086281647,-0.20649872492301122
12316023.0,Cloud Enablement,1870,131,133,set(),2015-04-22 07:35:13.000,2021-12-02 14:54:52.000,1858.321411764706,379.9926388888889,0.0019444444444444,37080.34305555555,4111.026836890591,3475061.04,813,0,0,0,0,0,0,0,55,0,18,0,0,0,0,0,0,0,0,0,0,0,0,0,0,79,0,0,0,0,0,0,0,0,0,0,0,0,0,0,0,0,0,0,0,0,0,902,0,0,0,0,0,0,0,0,0,0,0,0,0,3,0,0,0,0,0,0,0,0,0,0,0,0,0,374,0,0,0,0,131,133,133,14.06015037593985,26128.2784962406,0.010713739108887085,0,-0.503435649710543,-0.33247330827779487
12316026.0,RH-SSO,1477,86,86,set(),2015-04-28 06:10:59.000,2020-07-31 05:55:19.000,9135.264549763033,1518.4988888888888,0.0011111111111111,57941.10333333333,15270.85748060574,13492785.74,97,0,0,0,0,0,0,0,255,0,342,0,0,0,0,0,0,0,0,0,0,0,0,0,0,106,0,0,0,0,0,0,0,0,0,0,0,0,0,0,0,0,0,0,0,0,0,546,0,0,0,0,0,0,0,0,0,0,0,0,0,0,0,0,127,0,0,0,4,0,0,0,0,0,0,0,0,0,0,0,86,86,86,17.174418604651162,156892.85744186045,0.0,0,-0.4500567346246851,-0.16836830600132477
12316320.0,WINDUPRULE - Red Hat Application Migration Toolkit rules,557,38,39,set(),2013-10-10 15:33:20.000,2021-12-14 09:59:32.000,3411.820468781169,675.495,0.0102777777777777,36384.5775,7392.787646070909,1900384.0011111111,51,0,0,0,0,0,0,0,114,0,174,0,0,0,0,0,0,0,0,0,0,0,0,0,0,84,0,0,0,0,0,0,0,0,0,0,0,0,0,0,0,0,0,0,0,0,0,120,0,0,0,0,0,0,0,0,0,0,0,0,0,0,0,0,7,0,0,0,7,0,0,0,0,0,0,0,0,0,0,0,38,39,39,14.282051282051283,48727.7949002849,0.018366409900949288,0,-0.5640181766057822,-0.3242054743847876
12316327.0,BxMS Documentation,3419,117,118,set(),2014-04-24 06:20:00.000,2021-12-23 00:19:06.000,1159.8866206005655,313.2941666666667,0.0027777777777777,35806.975277777776,2857.0199088868594,3965652.3558333335,120,0,0,0,0,0,0,0,1515,0,1348,0,0,0,0,0,0,0,0,0,0,0,0,0,0,29,0,0,0,0,0,0,0,0,0,0,2,0,0,0,0,0,0,0,0,0,0,297,0,0,0,0,0,2,0,0,0,0,0,0,0,0,0,0,103,0,0,0,3,0,0,0,0,0,0,0,0,0,0,0,117,118,118,28.97457627118644,33607.223354519774,0.006017930052651469,0,-0.4870165490900579,-0.34346603162347644
12316420.0,AMQ Documentation,578,68,68,set(),2013-12-03 13:37:07.000,2021-10-21 15:36:04.000,6355.62144271434,2952.5133333333333,0.0055555555555555,39310.28472222222,8082.973053465836,3673549.1938888887,159,0,0,0,0,0,0,0,110,0,8,0,0,0,0,0,0,0,0,0,0,0,0,0,0,40,0,0,0,0,0,0,0,0,0,0,0,0,0,0,0,0,0,0,0,0,0,248,0,0,0,0,0,0,0,0,0,0,0,0,0,0,0,0,9,0,0,0,4,0,0,0,0,0,0,0,0,0,0,0,68,68,68,8.5,54022.782263071895,0.0,0,-0.5474107055973477,-0.3037694896912391
12317020.0,Thorntail,2467,386,417,set(),2015-04-22 16:14:23.000,2020-10-07 07:13:21.000,3374.587148020538,544.5444444444445,0.0025,34742.159166666665,5799.611725833589,8325106.494166667,371,0,0,0,0,0,0,0,520,0,0,0,0,0,0,0,0,0,1,0,0,0,0,0,0,181,0,0,0,36,0,0,0,0,0,0,2,0,0,0,0,0,0,0,0,0,0,1053,0,0,0,0,0,95,7,0,0,0,0,0,0,0,0,0,20,9,0,0,172,0,0,0,0,0,0,0,0,0,0,0,386,417,417,5.916067146282973,19964.28415867306,0.05459604039049308,0,-0.4716395281558896,-0.3608653885126229
12317122.0,Red Hat Data Grid,1642,79,84,set(),2016-02-10 09:32:33.000,2021-12-13 11:34:16.000,3384.0587061848696,597.1177777777777,0.0088888888888888,41994.7175,5959.601842510316,5556624.395555556,155,0,0,0,0,0,0,0,32,0,29,0,0,0,0,0,0,0,0,0,0,0,0,0,0,74,0,0,0,41,0,0,0,0,0,0,0,0,0,0,0,0,0,0,0,0,0,1302,0,0,0,0,0,0,0,0,0,0,0,0,0,0,0,0,9,0,0,0,0,0,0,0,0,0,0,1028,0,0,0,0,79,84,84,19.547619047619047,66150.29042328043,0.043380784121874086,0,-0.4856014314351844,-0.29583925012774326
12317320.0,Debezium,3504,938,938,set(),2016-01-26 09:19:34.000,2022-01-04 13:45:31.000,1737.1419203450023,194.3252777777778,0.0144444444444444,43274.34916666667,4373.12880767977,6086945.288888888,500,0,0,0,0,0,0,0,1056,0,91,0,0,0,0,0,0,0,0,0,0,0,0,0,0,274,0,0,0,0,0,0,0,0,0,0,0,0,0,0,0,0,0,0,0,0,0,1583,0,0,0,0,0,0,0,0,0,0,0,0,0,0,0,0,0,0,0,0,0,0,0,0,0,0,0,0,0,0,0,0,938,938,938,3.7356076759061834,6489.280691779199,0.0,0,-0.35882563612260954,-0.31820623148201976
12317724.0,JBoss BRMS Platform,2383,177,180,set(),2012-07-23 23:50:00.000,2019-05-30 02:48:15.000,6619.7758249405515,3754.135277777778,0.0027777777777777,59453.69388888889,10052.385735681588,15774925.790833334,101,0,0,0,0,0,0,0,15,0,0,0,0,0,0,0,0,0,0,0,0,0,7,0,0,46,0,0,0,0,0,0,0,0,0,0,0,0,0,0,0,0,0,0,0,0,0,2214,0,0,0,0,0,0,0,0,0,0,0,0,0,0,0,0,0,0,0,0,0,0,0,0,0,0,0,1011,0,0,0,0,177,180,180,13.238888888888889,87638.47661574074,0.011884147582967184,0,-0.3747589521420862,-0.17538124051588613
12317725.0,JBoss BPMS Platform,3986,238,241,set(),2012-04-17 13:33:00.000,2019-10-08 11:13:34.000,8412.515727894854,4122.7477777777785,0.0033333333333333,61032.5875,12123.23104215401,33532287.69138889,204,0,0,0,0,0,0,0,13,0,0,0,0,0,0,0,0,0,0,0,0,0,4,0,0,177,0,0,0,0,0,0,0,0,0,0,0,0,0,0,0,0,0,0,0,0,0,3585,0,0,0,0,0,1,0,0,0,0,0,0,0,2,0,0,0,0,0,0,0,0,0,0,0,0,0,1706,0,0,0,0,238,241,241,16.53941908713693,139138.12320078377,0.008857287447013121,0,-0.29243907507178774,-0.18163643333920307
12317820.0,Docs for Red Hat Developers,2122,107,114,set(),2012-06-22 07:15:26.000,2021-12-21 11:33:14.000,2233.0410395067547,930.9480555555556,0.0033333333333333,68114.12944444445,4650.866787624295,4738513.085833333,247,0,0,0,0,0,0,0,973,0,227,0,0,0,0,0,0,0,0,0,0,0,0,0,0,153,0,0,0,0,0,0,0,0,0,0,0,0,0,0,0,0,0,0,0,0,0,390,0,0,0,0,0,4,0,0,0,0,0,0,0,0,0,0,21,9,0,1,97,0,0,0,0,0,0,0,0,0,0,0,107,114,114,18.614035087719298,41565.904261695905,0.04479409473579939,0,-0.39976303347632397,-0.09305811428458607
12318224.0,Red Hat 3scale API Management,3639,179,179,set(),2016-10-10 09:43:31.000,2021-12-21 15:31:11.000,4661.847770907759,2326.5094444444444,0.0030555555555555,32484.74916666667,6000.633865704516,16964464.038333334,414,0,0,0,0,0,0,0,798,0,319,0,0,0,0,0,0,0,0,0,0,0,0,0,0,662,0,0,0,0,0,0,0,0,0,0,0,0,0,0,0,0,0,0,0,0,0,1314,0,0,0,0,0,0,0,0,0,0,0,0,0,0,0,0,132,0,0,0,0,0,0,0,0,0,0,0,0,0,3,0,179,179,179,20.329608938547487,94773.54211359404,0.0,0,-0.4639139314577442,-0.3788271751973006
12318422.0,AMQ Broker,2857,167,168,set(),2012-10-27 01:59:53.000,2021-11-26 17:27:58.000,2846.567527515265,1153.7413888888889,0.0097222222222222,51440.07361111111,4645.81612533551,8132643.426111111,475,0,0,0,0,0,0,0,699,0,49,0,0,0,0,0,0,0,0,0,0,0,0,0,0,0,0,0,0,0,0,0,0,0,0,0,0,0,0,0,0,0,0,0,0,0,0,1617,0,0,0,0,0,0,0,0,0,0,0,0,0,0,0,0,17,0,0,0,0,0,0,0,0,0,0,0,0,0,0,0,167,168,168,17.00595238095238,48408.59182208995,0.0042215330220092395,0,-0.4077894656961852,-0.23348363109585585
12318520.0,A-MQ Messaging-as-a-Service,1824,47,49,set(),2016-02-04 11:40:26.000,2021-11-24 12:58:21.000,2892.3703391508284,674.1643055555555,0.0033333333333333,30266.1375,5200.684966018168,5275683.498611111,32,0,0,0,0,0,0,0,1371,0,19,0,0,0,0,0,0,0,0,0,0,0,0,0,0,0,0,0,0,0,0,0,0,0,0,0,0,0,0,0,0,0,0,0,0,0,0,285,0,0,0,0,0,0,0,0,0,0,0,0,0,0,0,0,117,0,0,0,0,0,0,0,0,0,0,0,0,0,0,0,47,49,49,37.224489795918366,107667.01017573697,0.029462782549439483,0,-0.5510711660092559,-0.3772990780275712
12319021.0,Spring Boot & Cloud,1211,27,28,set(),2017-01-09 02:30:42.000,2021-11-24 14:16:37.000,1431.8162299293513,223.83527777777775,0.0027777777777777,20792.143888888888,2640.239761170735,1733929.4544444445,75,0,0,0,0,0,0,0,779,0,109,0,0,0,0,0,0,0,0,0,0,0,0,0,0,43,0,0,0,0,0,0,0,0,0,0,0,0,0,0,0,0,0,0,0,0,0,151,0,0,0,0,0,0,0,0,0,0,0,0,0,0,0,0,16,0,0,0,38,0,0,0,0,0,0,0,0,0,0,0,27,28,28,43.25,61926.05194444444,0.025712973861329,0,-0.6048055874035667,-0.4453602066121179
12320221.0,AMQ Streams,2178,73,73,set(),2018-01-04 04:20:34.000,2022-01-04 15:53:27.000,2623.416532879298,917.1040277777778,0.0069444444444444,31570.981666666667,4638.862246789925,5713801.208611111,40,0,0,0,0,0,0,0,1570,0,26,0,0,0,0,0,0,0,0,0,0,0,0,0,0,0,0,0,0,0,0,0,0,0,0,0,0,0,0,0,0,0,0,0,0,0,0,435,0,0,0,0,0,0,0,0,0,0,0,0,0,0,0,0,107,0,0,0,0,0,0,0,0,0,0,0,0,0,0,0,73,73,73,29.835616438356166,78271.24943302892,0.0,0,-0.5322063008694876,-0.3705711460825592
12320222.0,Red Hat Decision Manager,1165,135,138,set(),2014-06-13 06:34:00.000,2021-12-03 03:08:27.000,3910.746891988555,691.6441666666667,0.0130555555555555,51979.38722222222,7360.244557720408,4556020.129166666,109,0,0,0,0,0,0,0,74,0,0,0,0,0,0,0,0,0,0,0,0,0,2,0,0,23,0,0,0,0,0,0,0,0,0,0,0,0,0,0,0,0,0,0,0,0,0,947,0,0,0,0,0,4,0,0,0,0,0,0,0,6,0,0,0,0,0,0,0,0,0,0,0,0,0,699,0,0,0,0,135,138,138,8.442028985507246,33014.63861714976,0.015540808377726319,0,-0.4650535944826276,-0.21678423969088265
12320223.0,Red Hat Process Automation Manager,2565,186,193,set(),2013-05-01 12:31:00.000,2021-12-23 12:12:40.000,3696.6573316006065,863.3472222222222,0.0033333333333333,50251.93944444445,6649.266120162733,9481926.055555556,245,0,0,0,0,0,0,0,174,0,6,0,0,0,0,0,0,0,0,0,0,0,4,0,0,53,0,0,0,0,0,0,0,0,0,0,0,0,0,0,0,0,0,0,0,0,0,2067,0,0,0,0,0,4,0,0,0,0,0,0,0,12,0,0,0,0,0,0,0,0,0,0,0,0,0,1431,0,0,0,0,186,193,193,13.290155440414507,49129.15054691998,0.02612003941058487,0,-0.4062648620724074,-0.24528837381356572
12320520.0,Kiali QE,1148,13,14,set(),2018-02-14 09:15:33.000,2021-12-13 14:40:45.000,1015.2041940089044,166.74208333333334,0.0030555555555555,28732.555,2865.2113288530777,1165454.414722222,0,0,0,0,0,0,0,0,182,0,238,0,0,0,3,0,0,0,0,0,0,0,0,0,0,0,0,0,0,0,0,0,0,0,0,0,0,1,0,0,0,0,0,0,0,0,0,112,0,0,0,0,0,0,0,0,0,0,0,0,0,0,0,0,4,0,0,0,50,0,0,0,558,0,0,0,0,0,0,0,13,14,14,82.0,83246.74390873013,0.052378280087892415,0,-0.5797843413772111,-0.38405523610356934
12320921.0,Distributed Tracing,1370,29,29,set(),2018-01-26 03:49:25.000,2021-11-29 15:22:16.000,2259.7196774128142,432.02847222222226,0.0030555555555555,29411.417777777777,4452.329902520708,3095815.9580555554,0,0,0,0,0,0,0,0,286,0,88,0,0,0,599,0,0,0,0,0,0,0,0,0,0,0,0,0,1,0,0,0,0,0,0,0,0,28,0,0,0,0,0,0,0,0,0,156,0,0,0,0,0,0,0,0,0,0,0,0,0,0,0,0,31,0,0,0,29,0,0,0,152,0,0,0,0,0,0,0,29,29,29,47.241379310344826,106752.2744157088,0.0,0,-0.5696894656159167,-0.3805179694588355
12321021.0,Maistra,2044,84,86,set(),2018-08-15 12:51:47.000,2021-11-26 17:33:12.000,1459.7625809958688,333.1793055555556,0.0158333333333333,26573.491666666665,3026.143594219316,2983754.7155555557,0,0,0,0,0,0,0,0,989,0,225,0,0,0,0,0,0,0,0,0,0,0,0,1,0,0,0,0,0,0,1,0,0,0,0,0,0,0,0,0,0,0,0,0,0,0,9,705,0,0,0,0,0,0,0,0,0,0,0,0,0,0,50,24,0,0,0,0,38,0,0,2,0,0,0,0,0,0,0,0,84,86,86,23.767441860465116,34694.82227390181,0.01663780661615406,0,-0.5458581474838583,-0.4103754242217479
12321720.0,Red Hat CodeReady Workspaces,1780,105,106,set(),2018-05-01 17:31:17.000,2022-01-03 15:20:32.000,1558.896677434457,492.0126388888889,0.0047222222222222,23073.946666666667,2693.232526511583,2774836.0858333334,45,0,0,0,0,0,0,0,302,0,41,0,0,0,0,0,0,0,0,0,0,0,0,0,0,87,0,0,0,0,0,0,0,0,0,0,0,0,0,0,0,0,0,0,0,0,0,856,0,0,0,0,0,0,0,0,0,0,0,0,0,0,0,0,46,0,0,0,0,0,0,0,403,0,0,0,0,0,0,0,105,106,106,16.79245283018868,26177.698922955977,0.006702433944896185,0,-0.5593995734534358,-0.4376014097912889
12322421.0,Kogito,4849,144,144,set(),2018-02-08 10:30:23.000,2021-12-29 19:13:47.000,1323.7690412685315,478.07,0.0036111111111111,30579.54527777778,2359.4405438548397,6418956.081111111,746,0,0,0,0,0,0,0,1946,0,110,0,0,0,0,0,0,0,0,0,0,0,0,0,0,407,0,0,0,0,0,0,0,0,0,0,5,0,0,0,0,0,0,0,0,0,0,1340,0,0,0,0,0,10,0,0,0,0,0,0,9,0,0,0,147,0,0,3,126,0,0,0,0,0,0,0,0,0,0,0,144,144,144,33.673611111111114,44576.083896604934,0.0,0,-0.4442009913566841,-0.39743871866192354
12322521.0,Quarkus,620,55,54,set(),2020-09-23 05:17:29.000,2022-01-03 08:59:17.000,802.3201541218638,219.26916666666668,0.0044444444444444,8066.861111111111,1228.3979344269524,497438.4955555555,0,0,0,0,0,0,0,0,95,0,26,0,0,0,0,0,0,0,0,0,0,0,0,0,0,68,0,0,0,0,0,0,0,0,0,0,0,0,0,0,0,0,0,0,0,0,0,412,0,0,0,0,0,18,0,0,0,0,0,0,0,0,0,0,1,0,0,0,0,0,0,0,0,0,0,6,0,0,0,0,55,54,55,11.272727272727273,9044.336282828282,0.012974436352046745,0,-0.6561949582639105,-0.5424373148840368
12322620.0,App Dev UXD (Archived),842,39,39,set(),2019-01-08 10:43:52.000,2021-08-09 14:18:58.000,2400.427500659805,793.4475,0.0036111111111111,17135.487222222222,3272.535035805021,2021159.9555555556,18,0,0,0,0,0,0,0,601,0,35,0,0,0,0,0,0,0,0,0,0,0,0,0,0,72,0,0,0,0,0,0,0,0,0,0,0,0,0,0,0,0,0,0,0,0,0,38,0,0,13,0,0,0,0,0,0,0,0,0,0,0,0,0,65,0,0,0,0,0,0,0,0,0,0,0,0,0,0,0,39,39,39,21.58974358974359,51824.61424501425,0.0,0,-0.628585377445034,-0.47115256080479434
12322720.0,Project Quay,1765,150,150,set(),2017-12-01 17:59:41.000,2021-12-21 18:52:23.000,2233.312128580422,572.4344444444445,0.0022222222222222,28722.6875,3644.4935680326766,3941795.906944445,0,0,0,0,0,0,0,0,481,0,13,0,0,0,0,0,0,0,0,2,0,0,0,1,0,0,0,0,0,0,137,0,0,0,0,0,0,0,0,0,0,0,0,0,0,0,0,897,0,0,0,0,0,0,0,0,0,0,0,0,0,0,0,0,42,0,0,0,192,0,0,0,0,0,0,0,0,0,0,0,150,150,150,11.766666666666667,26278.639379629632,0.0,0,-0.5347061570642706,-0.39605563335806576
12323132.0,OpenShift Top Level Product Epics,754,46,46,set(),2019-11-26 11:10:14.000,2021-12-15 19:17:19.000,587.6556826554671,184.96208333333337,0.0,11334.53722222222,1409.693529984182,443092.3847222222,0,0,0,0,0,0,0,0,5,0,595,0,0,0,0,0,0,0,0,0,0,0,0,0,0,0,0,0,0,0,66,0,0,0,0,0,0,0,0,0,0,0,0,0,0,0,0,1,0,0,0,0,0,0,0,0,0,0,0,0,0,0,0,0,7,0,0,0,80,0,0,0,0,0,0,0,0,0,0,9,46,46,46,16.391304347826086,9632.443146135265,0.0,0,-0.6519210574450657,-0.5148286454971406
12323149.0,OpenShift Logging,553,58,59,set(),2020-03-23 04:32:26.000,2021-12-21 16:42:07.000,1136.0909965842875,550.5730555555556,0.0013888888888888,12709.39138888889,1553.154442047969,628258.3211111111,0,0,0,0,0,0,0,0,198,0,86,0,0,0,0,0,0,0,0,0,0,0,0,0,0,7,0,0,0,0,0,0,0,0,0,0,0,0,0,0,0,0,0,0,0,0,0,210,0,0,0,0,0,0,0,0,0,0,0,0,0,0,0,0,16,0,0,0,36,0,0,0,0,0,0,0,0,0,0,0,58,59,59,9.372881355932204,10648.446120527307,0.012087295404898248,0,-0.6456356346123348,-0.5054557474061144
12323164.0,OpenShift Dev Console,1217,61,61,set(),2019-06-12 03:13:53.000,2021-12-22 09:54:24.000,1002.8750602574636,509.2341666666667,0.0,13152.65361111111,1385.3731151730042,1220498.9483333332,0,0,0,0,0,0,0,0,44,0,162,0,0,0,0,0,0,0,0,0,0,0,0,0,0,0,0,0,0,0,0,0,0,0,0,0,0,0,0,0,0,0,0,0,0,0,0,566,0,0,0,0,0,0,0,0,0,0,0,0,0,0,0,0,63,0,0,0,382,0,0,0,0,0,0,0,0,0,0,0,61,61,61,19.950819672131146,20008.179480874314,0.0,0,-0.6193378219745449,-0.5074686066904263
12323185.0,OpenShift SDN,539,55,56,set(),2019-09-19 15:12:02.000,2021-12-15 11:08:11.000,1528.5985724592867,1244.816111111111,0.0025,19680.417222222222,1681.8592592905547,823914.6305555556,0,0,0,0,0,0,0,0,32,0,161,0,0,0,0,0,0,0,0,0,0,0,0,0,0,0,0,0,0,0,0,0,0,0,0,0,0,0,0,0,0,0,0,0,0,0,0,5,0,0,0,0,0,0,0,0,0,0,0,0,0,0,0,0,9,0,0,0,332,0,0,0,0,0,0,0,0,0,0,0,55,56,56,9.625,14712.761259920635,0.012740662724081938,0,-0.6260693526720134,-0.45077014624756667
12323188.0,Multiple Architecture Enablement,656,27,51,set(),2020-10-20 15:34:16.000,2022-01-03 09:02:21.000,1480.4707499153117,1216.1577777777777,0.0005555555555555,9804.59111111111,1182.3766223314049,971188.8119444444,0,0,0,0,0,0,0,0,138,0,182,0,0,0,0,0,0,0,0,0,0,0,0,0,0,0,0,0,0,0,0,0,0,0,0,0,0,0,0,0,0,0,0,0,0,0,0,55,0,0,0,0,0,0,0,0,0,0,0,0,0,0,0,0,10,0,0,0,271,0,0,0,0,0,0,0,0,0,0,0,27,51,51,12.862745098039216,19042.917881263616,0.4351426345763369,0,-0.6590393737596473,-0.5262885311987316
12323195.0,OpenShift Request For Enhancement,296,175,175,set(),2019-03-26 15:10:19.000,2021-12-15 14:02:47.000,2875.846127064565,2025.6833333333336,0.0063888888888888,14498.20388888889,3047.6102198692656,851250.4536111112,0,0,0,0,0,0,0,0,0,0,0,0,0,0,0,0,0,0,0,0,0,0,0,0,0,296,0,0,0,0,0,0,0,0,0,0,0,0,0,0,0,0,0,0,0,0,0,0,0,0,0,0,0,0,0,0,0,0,0,0,0,0,0,0,0,0,0,0,0,0,0,0,0,0,0,0,0,0,0,0,175,175,175,1.6914285714285715,4864.288306349206,0.0,0,-0.6407742075150311,-0.49231896111723195
12323423.0,Cost Management,1111,41,41,set(),2020-01-23 19:05:34.000,2021-12-15 20:21:52.000,1418.2130915591558,522.2641666666667,0.0044444444444444,13267.152222222225,2257.6630981046833,1575634.7447222222,0,0,0,0,0,0,0,0,147,0,31,0,0,0,0,0,0,0,0,0,0,0,0,13,0,0,0,0,0,0,17,0,0,0,0,0,0,0,0,0,0,0,0,0,0,0,0,331,0,0,1,0,0,0,0,0,0,0,0,0,0,0,0,0,61,0,0,0,510,0,0,0,0,0,0,0,0,0,0,0,41,41,41,27.097560975609756,38430.11572493225,0.0,0,-0.6288260563620881,-0.5038921893671122
12323721.0,Openshift sandboxed containers,712,31,32,set(),2020-03-12 06:39:59.000,2021-12-21 15:43:25.000,1848.4640925405745,904.5688888888888,0.0116666666666666,14905.168333333331,2320.555687377864,1316106.433888889,0,0,0,0,0,0,0,0,87,0,33,0,0,0,0,0,0,0,0,0,0,0,0,0,0,0,0,0,0,0,4,0,0,0,0,0,0,0,0,0,0,0,0,0,0,0,0,177,0,0,0,0,0,0,0,0,0,0,0,0,0,0,0,0,55,0,0,0,347,0,0,0,9,0,0,34,0,0,0,0,31,32,32,22.25,41128.32605902778,0.022447834323382463,0,-0.6369661383077898,-0.4884352782107807
12325229.0,Automation Hub,603,45,45,set(),2020-10-05 08:12:31.000,2021-12-09 16:53:59.000,1875.619499723604,1322.4258333333332,0.1211111111111111,9031.892222222225,1722.1130793747416,1130998.558333333,0,0,0,0,0,0,0,0,300,0,36,0,0,0,0,0,0,0,0,0,0,0,0,0,0,0,0,0,0,0,21,0,0,0,0,0,0,0,0,0,0,0,0,0,0,0,0,124,0,0,0,0,0,0,0,0,0,0,0,0,0,0,0,0,28,0,0,0,94,0,0,0,0,0,0,0,0,0,0,0,45,45,45,13.4,25133.301296296293,0.0,0,-0.6609143023889782,-0.5326290432112929
12326233.0,CentOS Stream,845,117,121,set(),2020-07-16 09:20:38.000,2022-01-03 21:23:38.000,350.51515055884283,145.00833333333333,0.0047222222222222,9196.7425,673.9051422816439,296185.3022222222,0,0,0,0,0,0,0,0,691,0,20,0,0,0,0,0,0,0,0,0,0,0,0,0,1,0,0,0,0,0,2,0,0,0,0,0,0,0,0,0,0,0,0,0,0,0,0,47,0,0,0,0,0,0,0,0,0,0,0,0,0,0,0,0,21,0,0,0,63,0,0,0,0,0,0,0,18,0,0,0,117,121,121,6.983471074380165,2447.8124150596877,0.023768295165934372,0,-0.6502950736679467,-0.5337169458862232
